{
	"format_version": "1.8.0",
	"animations": {
		"animation.blungus.ground_idle": {
			"loop": true,
			"animation_length": 2,
			"bones": {
				"left_foot": {
					"rotation": [-4.18273, -39.8173, 6.51543],
					"position": [0, 0.25, 0]
				},
				"right_foot": {
					"rotation": [-4.18273, 39.8173, -6.51543],
					"position": [0, 0.25, 0]
				},
				"left_arm": {
					"rotation": [17.46748, 15.97197, -47.82205]
				},
				"left_arm_2": {
					"rotation": [-16.72395, 14.57682, -54.7551]
				},
				"right_arm": {
					"rotation": [16.95433, -13.24052, 49.94937]
				},
				"right_arm_2": {
					"rotation": [-38.42684, -25.49671, 61.51653]
				},
				"head": {
					"position": {
						"0.0": [0, 0, 0],
						"0.5": [0, -0.5, 0.5],
						"1.0": [0, -0.5, 0.25],
						"1.5": [0, -0.25, -0.25],
						"2.0": [0, 0, 0]
					}
				},
				"left_ear": {
					"rotation": {
						"0.0": {
							"post": [0, 0, 0],
							"lerp_mode": "catmullrom"
						},
						"0.5": {
							"post": [0, 0, 2.5],
							"lerp_mode": "catmullrom"
						},
						"1.0": {
							"post": [0, 0, 0],
							"lerp_mode": "catmullrom"
						},
						"1.5": {
							"post": [0, 0, -2.5],
							"lerp_mode": "catmullrom"
						},
						"2.0": {
							"post": [0, 0, 0],
							"lerp_mode": "catmullrom"
						}
					}
				},
				"right_ear": {
					"rotation": {
						"0.0": {
							"post": [0, 0, 0],
							"lerp_mode": "catmullrom"
						},
						"0.5": {
							"post": [0, 0, -2.5],
							"lerp_mode": "catmullrom"
						},
						"1.0": {
							"post": [0, 0, 0],
							"lerp_mode": "catmullrom"
						},
						"1.5": {
							"post": [0, 0, 2.5],
							"lerp_mode": "catmullrom"
						},
						"2.0": {
							"post": [0, 0, 0],
							"lerp_mode": "catmullrom"
						}
					}
				},
				"actualbody": {
					"position": {
						"0.0": [0, 0, 0],
						"0.5": [0, 0.25, 0],
						"1.0": [0, 0, 0],
						"1.5": [0, -0.25, 0],
						"2.0": [0, 0, 0]
					}
				}
			}
		},
		"animation.blungus.ground_walking": {
			"loop": true,
			"animation_length": 0.9583,
			"bones": {
				"left_foot": {
					"rotation": {
						"0.0": [-4.18273, -39.8173, 6.51543],
						"0.2083": [4.18273, -39.8173, -6.51543],
						"0.4583": [-0.69093, -39.83265, 1.0835],
						"0.7083": [-0.34998, -39.88578, 0.54361],
						"0.9583": [-4.18273, -39.8173, 6.51543]
					},
					"position": {
						"0.0": [0, 0.25, 0],
						"0.2083": [0, 0.25, 2],
						"0.4583": [0, 0, 1.58],
						"0.7083": [0, 0.13, -0.96],
						"0.9583": [0, 0.25, 0]
					}
				},
				"right_foot": {
					"rotation": {
						"0.0": [-4.18273, 39.8173, -6.51543],
						"0.2083": [-0.25833, 38.57309, -0.2874],
						"0.7083": [19.52546, 35.63104, 31.32977],
						"0.9583": [-4.18273, 39.8173, -6.51543]
					},
					"position": {
						"0.0": [0, 0.25, 0],
						"0.2083": [0, 0, -1.17],
						"0.7083": [0, 0.25, 5.5],
						"0.9583": [0, 0.25, 0]
					}
				},
				"left_arm": {
					"rotation": {
						"0.0": [17.46748, 15.97197, -47.82205],
						"0.5": [22.64543, -6.44973, 8.41588],
						"0.9583": [17.46748, 15.97197, -47.82205]
					}
				},
				"left_arm_2": {
					"rotation": [-16.72395, 14.57682, -54.7551]
				},
				"right_arm": {
					"rotation": {
						"0.0": [16.95433, -13.24052, 49.94937],
						"0.5": [20.07529, 7.54519, -6.73118],
						"0.9583": [16.95433, -13.24052, 49.94937]
					}
				},
				"right_arm_2": {
					"rotation": [-38.42684, -25.49671, 61.51653]
				},
				"head": {
					"position": {
						"0.0": [0, 0, 0],
						"0.2083": [0, -0.5, 0.5],
						"0.4583": [0, -0.5, 0.25],
						"0.7083": [0, -0.25, -0.25],
						"0.9583": [0, 0, 0]
					}
				},
				"left_ear": {
					"rotation": {
						"0.0": {
							"post": [0, 0, 0],
							"lerp_mode": "catmullrom"
						},
						"0.2083": {
							"post": [0, 0, 2.5],
							"lerp_mode": "catmullrom"
						},
						"0.4583": {
							"post": [0, 0, 0],
							"lerp_mode": "catmullrom"
						},
						"0.7083": {
							"post": [0, 0, -2.5],
							"lerp_mode": "catmullrom"
						},
						"0.9583": {
							"post": [0, 0, 0],
							"lerp_mode": "catmullrom"
						}
					}
				},
				"right_ear": {
					"rotation": {
						"0.0": {
							"post": [0, 0, 0],
							"lerp_mode": "catmullrom"
						},
						"0.2083": {
							"post": [0, 0, -2.5],
							"lerp_mode": "catmullrom"
						},
						"0.4583": {
							"post": [0, 0, 0],
							"lerp_mode": "catmullrom"
						},
						"0.7083": {
							"post": [0, 0, 2.5],
							"lerp_mode": "catmullrom"
						},
						"0.9583": {
							"post": [0, 0, 0],
							"lerp_mode": "catmullrom"
						}
					}
				},
				"actualbody": {
					"position": {
						"0.0": [0, 0, 0],
						"0.2083": [0, 0.25, 0],
						"0.4583": [0, 0, 0],
						"0.7083": [0, -0.25, 0],
						"0.9583": [0, 0, 0]
					}
				}
			}
		},
		"animation.blungus.cry": {
			"animation_length": 1,
			"bones": {
				"head": {
					"rotation": {
						"0.0": {
							"post": [0, 0, 0],
							"lerp_mode": "catmullrom"
						},
						"0.25": {
							"post": [17.5, 0, 0],
							"lerp_mode": "catmullrom"
						},
						"0.8333": {
							"post": [15, 0, 0],
							"lerp_mode": "catmullrom"
						},
						"1.0": {
							"post": [0, 0, 0],
							"lerp_mode": "catmullrom"
						}
					},
					"position": {
						"0.0": {
							"post": [0, 0, 0],
							"lerp_mode": "catmullrom"
						},
						"0.7917": {
							"post": [0, 5, -9],
							"lerp_mode": "catmullrom"
						},
						"1.0": {
							"post": [0, 0, 0],
							"lerp_mode": "catmullrom"
						}
					}
				},
				"eyes": {
					"scale": {
						"0.0": [1, 1, 1],
						"0.1667": [2, 3, 3.3],
						"0.3333": [1, 1, 1],
						"0.5": [2, 3, 3.3],
						"0.6667": [1, 1, 1],
						"0.8333": [2, 3, 3.3],
						"1.0": [1, 1, 1]
					}
				},
				"mouth": {
					"scale": {
						"0.0": [1, 1, 1],
						"0.125": [1, 4.9, 2.8],
						"0.25": [1, 1, 1],
						"0.375": [1, 4.9, 2.8],
						"0.5": [1, 1, 1],
						"0.625": [1, 4.9, 2.8],
						"0.75": [1, 1, 1],
						"0.875": [1, 4.9, 2.8],
						"1.0": [1, 1, 1]
					}
				}
			}
		},
		"animation.blungus.faint": {
			"loop": "hold_on_last_frame",
			"animation_length": 5,
			"bones": {
				"head": {
					"rotation": [0, 0, 0],
					"position": {
						"0.0": [0, 0, 0],
						"0.0417": [0, 0, -0.75],
						"0.125": [0, 0, 0],
						"0.4167": [0, 0, 0],
						"0.625": [0, 0.5, 0],
						"0.9167": [0, 0.5, 0],
						"2.5": ["math.sin(q.anim_time * 3000) * 1", 0.5, "math.cos(q.anim_time * 3000) * 1"]
					},
					"scale": {
						"0.0": [1, 1, 1],
						"2.625": [1, 1, 1],
						"2.6667": [0.94, 0.94, 0.94],
						"2.7083": [0.8, 0.8, 0.8],
						"2.7917": [0.2, 0.2, 0.2],
						"2.8333": [0.06, 0.06, 0.06],
						"2.875": [0, 0, 0]
					}
				},
				"eyes": {
					"rotation": {
						"1.5833": [0, 0, 0],
						"2.5833": ["math.sin(q.anim_time * 3000) * 3", 0, "math.cos(q.anim_time * 2000) * 3"],
						"2.625": [0, 0, 0]
					},
					"scale": {
						"0.9583": {
							"pre": [1, 1, 1],
							"post": [1, 1, 1],
							"lerp_mode": "catmullrom"
						},
						"1.4583": {
							"post": [2.6, 2.7, 28],
							"lerp_mode": "catmullrom"
						},
						"2.5833": {"pre": [1.6, 1.6, 1.6], "post": [0, 0, 0]}
					}
				}
			}
		}
	}
}