{
	"format_version": "1.12.0",
	"minecraft:geometry": [
		{
			"description": {
				"identifier": "geometry.pyrate",
				"texture_width": 64,
				"texture_height": 64,
				"visible_bounds_width": 2,
				"visible_bounds_height": 3.5,
				"visible_bounds_offset": [0, 1.25, 0]
			},
			"bones": [
				{
					"name": "pyrate",
					"pivot": [0, 0, 0]
				},
				{
					"name": "whole",
					"parent": "pyrate",
					"pivot": [0, 0, 0]
				},
				{
					"name": "upper_body",
					"parent": "whole",
					"pivot": [0, 0, 0]
				},
				{
					"name": "head",
					"parent": "upper_body",
					"pivot": [0, 21.5, 0.5],
					"cubes": [
						{"origin": [-2.5, 19, -2], "size": [5, 5, 5], "pivot": [0, 2.5, 0.5], "rotation": [0, -45, 0], "uv": [0, 9]}
					]
				},
				{
					"name": "hat",
					"parent": "head",
					"pivot": [0, 24.5, 0.5],
					"rotation": [-10, 0, 0],
					"cubes": [
						{"origin": [-2.5, 24.5, -1], "size": [5, 4, 4], "uv": [22, 6]},
						{"origin": [-3.5, 23.5, -3], "size": [7, 1, 8], "uv": [0, 46]},
						{"origin": [-5.5, 23.5, -2], "size": [2, 1, 6], "uv": [39, 16]},
						{"origin": [3.5, 23.5, -2], "size": [2, 1, 6], "uv": [39, 9]},
						{"origin": [-7.5, 23.5, -1], "size": [2, 1, 4], "uv": [24, 26]},
						{"origin": [5.5, 23.5, -1], "size": [2, 1, 4], "uv": [36, 26]},
						{"origin": [-2.5, 24.5, -2], "size": [5, 2, 1], "uv": [34, 0]},
						{"origin": [-2.5, 24.5, 3], "size": [5, 2, 1], "uv": [34, 3]},
						{"origin": [3.5, 24.5, -1], "size": [2, 1, 4], "uv": [12, 26]},
						{"origin": [2.5, 24.5, -1], "size": [1, 3, 4], "uv": [0, 34]},
						{"origin": [-3.5, 24.5, -1], "size": [1, 3, 4], "uv": [10, 36]},
						{"origin": [-5.5, 24.5, -1], "size": [2, 1, 4], "uv": [0, 26]}
					]
				},
				{
					"name": "body",
					"parent": "upper_body",
					"pivot": [0, 15.25, 0.72855],
					"cubes": [
						{"origin": [-3, 15, -1.75], "size": [6, 4, 5], "uv": [0, 0]}
					]
				},
				{
					"name": "shoulder_left",
					"parent": "body",
					"pivot": [5, 17.5, 0.5],
					"cubes": [
						{"origin": [3.5, 16, -1], "size": [3, 3, 3], "pivot": [5, 17.5, 0.5], "rotation": [0, 45, 180], "uv": [22, 0]}
					]
				},
				{
					"name": "arm_left",
					"parent": "shoulder_left",
					"pivot": [4.7, 17.5, 0.7],
					"cubes": [
						{"origin": [5.20976, 18.50452, -0.28181], "size": [2, 5, 2], "pivot": [5.2, 18.50452, -0.3], "rotation": [0, 0, 90], "uv": [26, 32], "mirror": true}
					]
				},
				{
					"name": "arm_left_2",
					"parent": "arm_left",
					"pivot": [10.70976, 17.50452, 0.71819],
					"cubes": [
						{"origin": [9.70976, 18.75452, -0.53181], "size": [2, 5, 2], "pivot": [9.70976, 18.75452, -0.53181], "rotation": [0, 0, 90], "uv": [34, 32], "mirror": true}
					]
				},
				{
					"name": "shoulder_right",
					"parent": "body",
					"pivot": [0, 17.5, 0.5],
					"cubes": [
						{"origin": [-6.5, 16, -1], "size": [3, 3, 3], "pivot": [-5, 17.5, 0.5], "rotation": [0, 45, 180], "uv": [22, 0]}
					]
				},
				{
					"name": "arm_right",
					"parent": "shoulder_right",
					"pivot": [-4.5, 17.50452, 0.7],
					"cubes": [
						{"origin": [-8.70976, 15.00452, -0.28181], "size": [2, 5, 2], "pivot": [-7.70976, 17.50452, 0.71819], "rotation": [0, 0, -90], "uv": [26, 32]}
					]
				},
				{
					"name": "arm_right_2",
					"parent": "arm_right",
					"pivot": [-10.70976, 17.50452, 0.71819],
					"cubes": [
						{"origin": [-11.70976, 18.25452, -0.03181], "size": [2, 5, 2], "pivot": [-9.70976, 18.25452, -0.03181], "rotation": [0, 0, -90], "uv": [34, 32]}
					]
				},
				{
					"name": "lower_body",
					"parent": "whole",
					"pivot": [0, 1, 0],
					"cubes": [
						{"origin": [-2.5, 10, -0.75], "size": [5, 2, 3], "uv": [0, 21]},
						{"origin": [-2, 12, -1], "size": [3, 3, 3], "pivot": [0, 13, 0], "rotation": [0, 45, 0], "uv": [22, 0]}
					]
				},
				{
					"name": "leg_left",
					"parent": "lower_body",
					"pivot": [1.75, 11, 1],
					"cubes": [
						{"origin": [0.75, 6, 0], "size": [2, 5, 2], "inflate": 0.001, "uv": [26, 32]}
					]
				},
				{
					"name": "leg_left2",
					"parent": "leg_left",
					"pivot": [1.75, 6, 1],
					"cubes": [
						{"origin": [0.75, 1, 0], "size": [2, 5, 2], "uv": [34, 32]}
					]
				},
				{
					"name": "foot_left",
					"parent": "leg_left2",
					"pivot": [0.75, 2, 1],
					"cubes": [
						{"origin": [0.75, 0, -0.04289], "size": [2, 1, 2], "pivot": [1.75, 0.5, 0.95711], "rotation": [0, 45, 0], "uv": [51, 1]}
					]
				},
				{
					"name": "leg_right",
					"parent": "lower_body",
					"pivot": [-1.75, 11, 1],
					"cubes": [
						{"origin": [-2.75, 6, 0], "size": [2, 5, 2], "inflate": 0.001, "uv": [26, 32]}
					]
				},
				{
					"name": "leg_right2",
					"parent": "leg_right",
					"pivot": [-1.75, 6, 1],
					"cubes": [
						{"origin": [-2.75, 1, 0], "size": [2, 5, 2], "uv": [34, 32]}
					]
				},
				{
					"name": "foot_right",
					"parent": "leg_right2",
					"pivot": [-1.75, 2, 1],
					"cubes": [
						{"origin": [-2.75, 0, -0.04289], "size": [2, 1, 2], "pivot": [-1.75, 0.5, 0.95711], "rotation": [0, 45, 0], "uv": [51, 1]}
					]
				}
			]
		}
	]
}