
{
    "portraitScale": 0.7,
    "portraitTranslation": [ 0, 0.6, 0 ],
    "profileScale": 0.6,
    "profileTranslation": [ 0, 0.8, 0 ],
    "faint": "bedrock(ldryce, faint)",
    "poses": {
    "standing": {
        "poseName": "standing",
        "transformTicks": 10,
        "poseTypes": [
        "STAND",
        "NONE",
        "PORTRAIT",
        "PROFILE"
        ],
        "animations": [
        "look",
        "bedrock(ldryce, ground_idle)"
        ]
    },
    "walking": {
        "poseName": "walking",
        "transformTicks": 10,
        "poseTypes": [ "WALK" ],
        "animations": [ "bedrock(amogus, ground_idle)" ]
    }
  }
}