{
	"format_version": "1.12.0",
	"minecraft:geometry": [
		{
			"description": {
				"identifier": "geometry.cthulytl",
				"texture_width": 64,
				"texture_height": 64,
				"visible_bounds_width": 3,
				"visible_bounds_height": 2.5,
				"visible_bounds_offset": [0, 0.75, 0]
			},
			"bones": [
				{
					"name": "cthulytl",
					"pivot": [0, -7, 2]
				},
				{
					"name": "head",
					"parent": "cthulytl",
					"pivot": [0, 13, 2],
					"cubes": [
						{"origin": [-2.5, 7.75, -2.75], "size": [5, 4, 5], "pivot": [0.5, 9.75, 1.25], "rotation": [-15, 0, 0], "uv": [0, 11]},
						{"origin": [1.25, 9, 0], "size": [2, 1, 2], "uv": [22, 23]},
						{"origin": [-3.25, 9, 0], "size": [2, 1, 2], "uv": [24, 0]},
						{"origin": [-3, 10, -1], "size": [6, 5, 6], "pivot": [0, 13, 2], "rotation": [-40, 0, 0], "uv": [0, 0]}
					]
				},
				{
					"name": "eyes",
					"parent": "head",
					"pivot": [0, 14, 0],
					"cubes": [
						{"origin": [-3, 9, -3], "size": [2, 2, 2], "uv": [20, 11]},
						{"origin": [1, 9, -3], "size": [2, 2, 2], "uv": [14, 20]}
					]
				},
				{
					"name": "tentacles",
					"parent": "head",
					"pivot": [0, 10, 0]
				},
				{
					"name": "1",
					"parent": "tentacles",
					"pivot": [0, 10, 0],
					"cubes": [
						{"origin": [-2.25, 7.25, -3.5], "size": [1, 2, 1], "pivot": [-1.25, 7.25, -2.5], "rotation": [-5, 0, 0], "uv": [28, 15]},
						{"origin": [-2.25, 5.75, -3], "size": [1, 2, 1], "pivot": [-1.25, 5.75, -2], "rotation": [15, 0, 0], "uv": [16, 28]}
					]
				},
				{
					"name": "2",
					"parent": "tentacles",
					"pivot": [0, 10, 0],
					"cubes": [
						{"origin": [1.25, 7.25, -3.5], "size": [1, 2, 1], "pivot": [2.25, 7.25, -2.5], "rotation": [-5, 0, 0], "uv": [0, 29]},
						{"origin": [1.25, 5.75, -3], "size": [1, 2, 1], "pivot": [2.25, 5.75, -2], "rotation": [15, 0, 0], "uv": [4, 29]}
					]
				},
				{
					"name": "3",
					"parent": "tentacles",
					"pivot": [0, 10, 0],
					"cubes": [
						{"origin": [0, 7.25, -3.5], "size": [1, 2, 1], "pivot": [1, 7.25, -2.5], "rotation": [-5, 0, 0], "uv": [8, 29]},
						{"origin": [0, 5.75, -3], "size": [1, 2, 1], "pivot": [1, 5.75, -2], "rotation": [15, 0, 0], "uv": [30, 18]}
					]
				},
				{
					"name": "4",
					"parent": "tentacles",
					"pivot": [0, 10, 0],
					"cubes": [
						{"origin": [-1, 7.25, -3.5], "size": [1, 2, 1], "pivot": [0, 7.25, -2.5], "rotation": [-5, 0, 0], "uv": [20, 30]},
						{"origin": [-1, 5.75, -3], "size": [1, 2, 1], "pivot": [0, 5.75, -2], "rotation": [15, 0, 0], "uv": [30, 21]}
					]
				},
				{
					"name": "body",
					"parent": "cthulytl",
					"pivot": [0, 13, 2],
					"cubes": [
						{"origin": [-2, 5, 1], "size": [4, 4, 3], "pivot": [0, 7, 2], "rotation": [42.5, 0, 0], "uv": [0, 20]}
					]
				},
				{
					"name": "legs",
					"parent": "body",
					"pivot": [0, 13, 2],
					"cubes": [
						{"origin": [1, 3.25, 3.25], "size": [1, 3, 1], "uv": [22, 26]},
						{"origin": [-2, 3.25, 3.25], "size": [1, 3, 1], "uv": [26, 26]}
					]
				},
				{
					"name": "left_arm",
					"parent": "body",
					"pivot": [0, 13, 2],
					"cubes": [
						{"origin": [2, 4.5, 0.75], "size": [1, 3, 1], "pivot": [2, 5.5, 1.75], "rotation": [0, 0, -20], "uv": [12, 28]}
					]
				},
				{
					"name": "right_arm",
					"parent": "body",
					"pivot": [0, 13, 2],
					"cubes": [
						{"origin": [-3, 4.5, 0.75], "size": [1, 3, 1], "pivot": [-2, 5.5, 1.75], "rotation": [0, 0, 20], "uv": [28, 11]}
					]
				},
				{
					"name": "wings",
					"parent": "cthulytl",
					"pivot": [0, 10, 1],
					"rotation": [32.5, 0, 0]
				},
				{
					"name": "left_wing",
					"parent": "wings",
					"pivot": [0, 13, 1],
					"cubes": [
						{"origin": [2, 8, 1], "size": [3, 1, 1], "pivot": [3, 8, 2], "rotation": [0, 0, -30], "uv": [24, 3]},
						{"origin": [4, 9, 1], "size": [3, 1, 1], "pivot": [5, 9, 2], "rotation": [-1.71394, -4.69776, -9.92969], "uv": [24, 5]},
						{"origin": [1.5, 6.75, 1.25], "size": [3, 2, 0], "pivot": [3.5, 8.75, 1.25], "rotation": [3.44546, -10.62096, -15.07395], "uv": [0, 27]}
					]
				},
				{
					"name": "outer_left",
					"parent": "left_wing",
					"pivot": [0, 13, 1],
					"cubes": [
						{"origin": [6, 9, 1.25], "size": [3, 1, 1], "pivot": [7, 9, 2.25], "rotation": [-4.25354, -7.67042, 27.9697], "uv": [24, 7]},
						{"origin": [4.5, 5.5, 1.75], "size": [4, 4, 0], "pivot": [6.5, 8.5, 1.75], "rotation": [-2.8506, -8.2916, 17.89109], "uv": [20, 15]}
					]
				},
				{
					"name": "right_wing",
					"parent": "wings",
					"pivot": [0, 13, 1],
					"cubes": [
						{"origin": [-5, 8, 1], "size": [3, 1, 1], "pivot": [-3, 8, 2], "rotation": [0, 0, 30], "uv": [14, 24]},
						{"origin": [-7, 9, 1], "size": [3, 1, 1], "pivot": [-5, 9, 2], "rotation": [-1.71394, 4.69776, 9.92969], "uv": [14, 26]},
						{"origin": [-4.5, 6.75, 1.25], "size": [3, 2, 0], "pivot": [-3.5, 8.75, 1.25], "rotation": [3.44546, 10.62096, 15.07395], "uv": [6, 27]}
					]
				},
				{
					"name": "outer_right",
					"parent": "right_wing",
					"pivot": [0, 13, 1],
					"cubes": [
						{"origin": [-8.5, 5.5, 1.75], "size": [4, 4, 0], "pivot": [-6.5, 8.5, 1.75], "rotation": [-2.8506, 8.2916, -17.89109], "uv": [22, 19]},
						{"origin": [-9, 9, 1.25], "size": [3, 1, 1], "pivot": [-7, 9, 2.25], "rotation": [-4.25354, 7.67042, -27.9697], "uv": [24, 9]}
					]
				}
			]
		}
	]
}