{
	"format_version": "1.8.0",
	"animations": {
		"animation.hohenheim.ground_walk": {
			"loop": true,
			"animation_length": 2.75,
			"bones": {
				"head": {
					"rotation": {
						"0.0": [0, 0, 0],
						"0.625": {
							"pre": [0, 0, 0],
							"post": [0, 0, -10]
						},
						"1.375": {
							"pre": [0, 0, -10],
							"post": [-12.31594, -2.15393, 0.23242]
						},
						"2.125": {
							"pre": [-12.31594, -2.15393, 0.23242],
							"post": [0.17203, 2.8468, 12.26037]
						},
						"2.75": {
							"pre": [0.17203, 2.8468, 12.26037],
							"post": [0, 0, 0]
						}
					}
				},
				"eyes": {
					"rotation": {
						"0.0": [0, 0, 0],
						"1.0": {
							"pre": [0, 0, 0],
							"post": [0, 0, 12.5]
						},
						"1.5": {
							"pre": [0, 0, 12.5],
							"post": [0, 0, -10]
						},
						"2.0": {
							"pre": [0, 0, -10],
							"post": [0, 0, 0]
						},
						"2.5": {
							"pre": [0, 0, 0],
							"post": [0, 0, -22.5]
						}
					},
					"position": {
						"0.0": [0, 0, 0],
						"0.5": {
							"pre": [0, 0, 0],
							"post": [-0.5, 0, 0]
						},
						"1.5": {
							"pre": [-0.5, 0, 0],
							"post": [0.5, 0, 0]
						},
						"2.0": {
							"pre": [0.5, 0, 0],
							"post": [0.5, 0.5, 0]
						}
					}
				},
				"right_coat_bottom_hand": {
					"rotation": {
						"0.75": [0, 0, 0],
						"1.75": [-32.5, 0, 0],
						"2.75": [0, 0, 0]
					}
				},
				"left_coat_bottom_hand": {
					"rotation": {
						"0.0": [0, 0, 0],
						"1.0": [-17.5, 0, 0],
						"2.0": [0, 0, 0]
					}
				},
				"center_hand": {
					"position": {
						"0.0": [0, 0, 0],
						"1.4167": [0, 1, 0],
						"2.75": [0, 0, 0]
					}
				},
				"cross_hand": {
					"rotation": {
						"0.0": [0, 0, 0],
						"1.4167": [9.59129, 3.04778, 1.12399],
						"2.75": [0, 0, 0]
					}
				},
				"leg_r": {
					"rotation": {
						"0.75": [0, 0, 0],
						"1.0": [-12.5, 0, 0],
						"1.25": [0, 0, 0],
						"2.25": [0, 0, 0],
						"2.5": [-12.5, 0, 0],
						"2.75": [0, 0, 0]
					},
					"position": {
						"0.75": [0, 0, 0],
						"1.0": [0, 2, 0],
						"1.25": [0, 0, 0],
						"2.25": [0, 0, 0],
						"2.5": [0, 2, 0],
						"2.75": [0, 0, 0]
					}
				},
				"leg_l": {
					"rotation": {
						"0.0": [0, 0, 0],
						"0.25": [-12.5, 0, 0],
						"0.5": [0, 0, 0],
						"1.5": [0, 0, 0],
						"1.75": [-12.5, 0, 0],
						"2.0": [0, 0, 0]
					},
					"position": {
						"0.0": [0, 0, 0],
						"0.25": [0, 2, 0],
						"0.5": [0, 0, 0],
						"1.5": [0, 0, 0],
						"1.75": [0, 2, 0],
						"2.0": [0, 0, 0]
					}
				},
				"center_hand_lower": {
					"rotation": {
						"0.0": [0, 0, 0],
						"1.4167": [2.17082, -5.19742, -8.36548],
						"2.75": [0, 0, 0]
					},
					"position": {
						"0.0": [0, 0, 0],
						"1.4167": [-0.38302, -0.73553, -0.55883],
						"2.75": [0, 0, 0]
					}
				},
				"center_hand_hand": {
					"rotation": {
						"0.0": [0, 0, 0],
						"1.4167": [-20.69425, -8.87093, 3.29543],
						"2.75": [0, 0, 0]
					}
				},
				"cross_hand_hand": {
					"rotation": {
						"0.0": [0, 0, 0],
						"1.4167": [31.29795, 7.03179, 7.72805],
						"2.75": [0, 0, 0]
					},
					"position": {
						"0.0": [0, 0, 0],
						"1.4167": [0.07162, -0.06155, -0.491],
						"2.75": [0, 0, 0]
					}
				},
				"left_coat_bottom_hand_hand": {
					"rotation": {
						"0.0": [0, 0, 0],
						"1.0": [60, 0, 0],
						"2.0": [0, 0, 0]
					},
					"position": {
						"0.0": [0, 0, 0],
						"1.0": [0, 0.125, -0.21651],
						"2.0": [0, 0, 0]
					}
				},
				"left_coat_bottom_joint": {
					"rotation": {
						"0.0": [0, 0, 0],
						"1.0": [-22.5, 0, 0],
						"2.0": [0, 0, 0]
					}
				},
				"right_coat_bottom_joint": {
					"rotation": {
						"0.75": [0, 0, 0],
						"1.75": [-32.5, 0, 0],
						"2.75": [0, 0, 0]
					}
				},
				"right_coat_bottom_hand_hand": {
					"rotation": {
						"0.75": [0, 0, 0],
						"1.75": [32.5, 0, 0],
						"2.75": [0, 0, 0]
					}
				},
				"side_flap_l": {
					"rotation": {
						"0.0": [0, 0, 0],
						"1.375": [8.53836, -0.91732, 12.24189],
						"2.75": [0, 0, 0]
					}
				},
				"side_flap_r": {
					"rotation": {
						"0.0": [0, 0, 0],
						"1.375": [8.53836, 0.91732, -12.24189],
						"2.75": [0, 0, 0]
					}
				},
				"front_piece_r": {
					"rotation": {
						"0.0": [0, 0, 0],
						"1.4167": [2.86544, 0.10244, -4.09405],
						"2.75": [0, 0, 0]
					}
				},
				"front_piece_l": {
					"rotation": {
						"0.0": [0, 0, 0],
						"1.4167": [2.86544, -0.10244, 4.09405],
						"2.75": [0, 0, 0]
					}
				}
			}
		},
		"animation.hohenheim.faint": {
			"animation_length": 4,
			"bones": {
				"head": {
					"rotation": {
						"0.8333": [0, 0, 0],
						"1.4167": [90, 0, 0],
						"4.0": [90, 0, 0]
					}
				},
				"eyes": {
					"scale": {
						"0.0": [1, 1, 1],
						"0.9583": [0, 0, 0],
						"4.0": [1, 1, 1]
					}
				},
				"right_coat_bottom_hand": {
					"rotation": {
						"0.0": [0, 0, 0],
						"1.0": [-160.8675, 25.89701, -42.27983],
						"4.0": [-160.8675, 25.89701, -42.27983]
					}
				},
				"left_coat_bottom_hand": {
					"rotation": {
						"0.0": [0, 0, 0],
						"1.0": [-110.57639, -34.30727, 23.30696],
						"4.0": [-110.57639, -34.30727, 23.30696]
					}
				},
				"center_hand": {
					"rotation": {
						"0.0": [0, 0, 0],
						"1.0": [154.85175, -9.0988, 47.51193],
						"4.0": [154.85175, -9.0988, 47.51193]
					},
					"position": {
						"0.0": [0, 0, 0],
						"0.5": [-0.5, -3.5, -2.12],
						"1.0": [-1, -7, -2.25],
						"4.0": [-1, -7, -2.25]
					}
				},
				"cross_hand": {
					"rotation": {
						"0.0": [0, 0, 0],
						"1.0": [64.03174, -34.14263, 13.16623],
						"4.0": [64.03174, -34.14263, 13.16623]
					}
				},
				"center_hand_lower": {
					"rotation": {
						"0.0": [0, 0, 0],
						"1.0": [0.86269, -4.95922, -37.21005],
						"4.0": [0.86269, -4.95922, -37.21005]
					},
					"position": {
						"0.0": [0, 0, 0],
						"1.0": [0.4928, -1.31201, -0.18916],
						"4.0": [0.4928, -1.31201, -0.18916]
					}
				},
				"left_coat_bottom_hand_hand": {
					"rotation": {
						"0.0": [0, 0, 0],
						"1.0": [-76.67623, 21.48853, 26.98494],
						"4.0": [-76.67623, 21.48853, 26.98494]
					}
				},
				"left_coat_bottom_joint": {
					"rotation": {
						"0.0": [0, 0, 0],
						"1.0": [-83.2402, 24.60782, 27.58513],
						"4.0": [-83.2402, 24.60782, 27.58513]
					}
				},
				"right_coat_bottom_joint": {
					"rotation": {
						"0.0": [0, 0, 0],
						"1.0": [-40.16024, -6.44126, -17.50173],
						"4.0": [-40.16024, -6.44126, -17.50173]
					}
				},
				"right_coat_bottom_hand_hand": {
					"rotation": {
						"0.0": [0, 0, 0],
						"1.0": [-35.7971, -5.14118, -15.82804],
						"4.0": [-35.7971, -5.14118, -15.82804]
					}
				},
				"side_flap_l": {
					"rotation": {
						"0.0": [0, 0, 0],
						"1.0": [-8.8438, 49.76382, 20.87377],
						"4.0": [-8.8438, 49.76382, 20.87377]
					}
				},
				"side_flap_r": {
					"rotation": {
						"0.0": [0, 0, 0],
						"1.0": [-8.8438, -49.76382, -20.87377],
						"4.0": [-8.8438, -49.76382, -20.87377]
					}
				},
				"hand4_hand": {
					"rotation": {
						"1.2083": [0, 0, 0],
						"1.4583": [-44.99458, -14.95928, -28.02094],
						"4.0": [-44.99458, -14.95928, -28.02094]
					}
				},
				"front_piece_r": {
					"rotation": {
						"0.5": [0, 0, 0],
						"1.0": [-14.04235, 2.52303, 20.27489],
						"4.0": [-14.04235, 2.52303, 20.27489]
					}
				},
				"front_piece_l": {
					"rotation": {
						"0.5": [0, 0, 0],
						"1.0": [-14.04235, -2.52303, -20.27489],
						"4.0": [-14.04235, -2.52303, -20.27489]
					}
				}
			}
		},
		"animation.hohenheim.ground_idle": {
			"loop": true,
			"animation_length": 2,
			"bones": {
				"head": {
					"rotation": {
						"0.0": [0, 0, 0],
						"0.25": {
							"pre": [0, 0, 0],
							"post": [0.22074, -9.65594, -15.11298]
						},
						"0.75": {
							"pre": [0.22074, -9.65594, -15.11298],
							"post": [-24.79887, 3.45533, 6.66067]
						},
						"1.125": {
							"pre": [-24.79887, 3.45533, 6.66067],
							"post": [2.38612, 27.72074, 5.19854]
						},
						"1.25": {
							"pre": [2.38612, 27.72074, 5.19854],
							"post": [12.5, 20, 0]
						},
						"1.75": {
							"pre": [12.5, 20, 0],
							"post": [0, 0, 10]
						},
						"2.0": {
							"pre": [0, 0, 10],
							"post": [0, 0, 0]
						}
					},
					"position": {
						"0.0": [0, 0, 0],
						"0.25": {
							"pre": [0, 0, 0],
							"post": [0, 1, 0]
						},
						"0.75": {
							"pre": [0, 1, 0],
							"post": [0, 0, 0]
						},
						"1.25": {
							"pre": [0, 0, 0],
							"post": [0, 0, 0]
						},
						"2.0": {
							"pre": [0, 0, 0],
							"post": [0, 0, 0]
						}
					}
				},
				"eyes": {
					"rotation": {
						"0.0": [0, 0, 0],
						"0.25": {
							"pre": [0, 0, 0],
							"post": [0, 0, 15]
						},
						"0.75": {
							"pre": [0, 0, 15],
							"post": [0, 0, 45]
						},
						"1.125": {
							"pre": [0, 0, 45],
							"post": [0, 0, 25]
						},
						"1.25": {
							"pre": [0, 0, 25],
							"post": [0, 0, -15]
						},
						"1.75": {
							"pre": [0, 0, -15],
							"post": [0, 0, 15]
						},
						"2.0": {
							"pre": [0, 0, 15],
							"post": [0, 0, 0]
						}
					},
					"position": {
						"0.0": [0, 0, 0],
						"0.25": {
							"pre": [0, 0, 0],
							"post": [-0.47587, 0.10453, 0.11235]
						},
						"0.75": {
							"pre": [-0.47587, 0.10453, 0.11235],
							"post": [-0.56683, 0.83318, -0.02195]
						},
						"1.125": {
							"pre": [-0.56683, 0.83318, -0.02195],
							"post": [-0.12921, 0.80402, 0.21458]
						},
						"1.25": {
							"pre": [-0.12921, 0.80402, 0.21458],
							"post": [-0.13, -0.30876, -0.36719]
						},
						"1.5": {
							"pre": [-0.13, -0.30876, -0.36719],
							"post": [0.33985, 0.27629, 0.128]
						},
						"1.75": {
							"pre": [0.33985, 0.27629, 0.128],
							"post": [-0.1524, 0.19613, 0.10753]
						},
						"2.0": {
							"pre": [-0.1524, 0.19613, 0.10753],
							"post": [0, 0, 0]
						}
					}
				},
				"arm_l": {
					"rotation": {
						"0.0": [0, 0, 0],
						"1.0": [0, 0, 10],
						"2.0": [0, 0, 0]
					}
				},
				"arm_r": {
					"rotation": {
						"0.0": [0, 0, 0],
						"1.0": [12.5, 0, 0],
						"2.0": [0, 0, 0]
					}
				},
				"hand7": {
					"rotation": {
						"0.0": [0, 0, 0],
						"1.0": [12.5, 0, 0],
						"2.0": [0, 0, 0]
					}
				},
				"right_coat_bottom_hand": {
					"rotation": {
						"0.0": [0, 0, 0],
						"0.9167": [-25, 0, 0],
						"1.0833": [-25, 0, 0],
						"2.0": [0, 0, 0]
					}
				},
				"left_coat_bottom_hand": {
					"rotation": {
						"0.0": [0, 0, 0],
						"0.9167": [-25, 0, 0],
						"1.0833": [-25, 0, 0],
						"2.0": [0, 0, 0]
					}
				},
				"center_hand": {
					"position": {
						"0.0": [0, 0, 0],
						"1.0": [0, 1, 0],
						"2.0": [0, 0, 0]
					}
				},
				"cross_hand": {
					"rotation": {
						"0.0": [0, 0, 0],
						"1.0": [10, 0, 0],
						"2.0": [0, 0, 0]
					}
				},
				"center_hand_lower": {
					"rotation": {
						"0.0": [0, 0, 0],
						"1.0": [2.17082, -5.19742, -8.36548],
						"2.0": [0, 0, 0]
					},
					"position": {
						"0.0": [0, 0, 0],
						"1.0": [-0.38302, -0.73553, -0.55883],
						"2.0": [0, 0, 0]
					}
				},
				"center_hand_hand": {
					"rotation": {
						"0.0": [0, 0, 0],
						"1.0": [-20.69425, -8.87093, 3.29543],
						"1.5": [-27.84713, -4.43547, 1.64772],
						"2.0": [0, 0, 0]
					},
					"position": {
						"1.0": [0, 0, 0],
						"1.5": [-0.04465, -0.13365, 0.20651],
						"2.0": [0, 0, 0]
					}
				},
				"cross_hand_hand": {
					"rotation": {
						"0.0": [0, 0, 0],
						"1.0": [-80, 0, 0],
						"1.5": [22.5, 0, 0],
						"2.0": [0, 0, 0]
					},
					"position": {
						"1.0": [0, 0, 0],
						"1.5": [0.04521, 0.00664, -0.49791],
						"2.0": [0.04521, 0.00664, -0.49791]
					}
				},
				"left_coat_bottom_hand_hand": {
					"rotation": {
						"0.0": [0, 0, 0],
						"0.9167": [-62.5, 0, 0],
						"0.9583": [-50, 0, 0],
						"1.0": {
							"pre": [-50, 0, 0],
							"post": [-62.13918, -8.86042, -4.65468]
						},
						"1.0417": {
							"pre": [-62.13918, -8.86042, -4.65468],
							"post": [-61.0146, 17.66046, 9.54013]
						},
						"1.0833": {
							"pre": [-61.0146, 17.66046, 9.54013],
							"post": [-74.97765, -2.21738, -1.15495]
						},
						"1.125": {
							"pre": [-74.97765, -2.21738, -1.15495],
							"post": [-62.5, 0, 0]
						},
						"2.0": [0, 0, 0]
					}
				},
				"left_coat_bottom_joint": {
					"rotation": {
						"0.0": [0, 0, 0],
						"0.9167": [-20, 0, 0],
						"1.0833": [-20, 0, 0],
						"2.0": [0, 0, 0]
					}
				},
				"right_coat_bottom_joint": {
					"rotation": {
						"0.0": [0, 0, 0],
						"0.9167": [-20, 0, 0],
						"1.0833": [-20, 0, 0],
						"2.0": [0, 0, 0]
					}
				},
				"right_coat_bottom_hand_hand": {
					"rotation": {
						"0.0": [0, 0, 0],
						"0.9167": [-62.5, 0, 0],
						"0.9583": [-60, 0, 0],
						"1.0": {
							"pre": [-60, 0, 0],
							"post": [-61.93319, -11.06861, -5.84485]
						},
						"1.0417": {
							"pre": [-61.93319, -11.06861, -5.84485],
							"post": [-61.67841, 13.27207, 7.05309]
						},
						"1.0833": {
							"pre": [-61.67841, 13.27207, 7.05309],
							"post": [-49.8924, 3.82821, 3.21873]
						},
						"1.125": {
							"pre": [-49.8924, 3.82821, 3.21873],
							"post": [-62.5, 0, 0]
						},
						"2.0": [0, 0, 0]
					}
				},
				"side_flap_l": {
					"rotation": {
						"0.0": [0, 0, 0],
						"1.0": [12.68781, -2.04962, 18.28094],
						"1.625": [26.4686, -9.66196, 39.534],
						"2.0": [0, 0, 0]
					}
				},
				"side_flap_r": {
					"rotation": {
						"0.0": [0, 0, 0],
						"1.0": [12.68781, 2.04962, -18.28094],
						"1.625": [26.4686, 9.66196, -39.534],
						"2.0": [0, 0, 0]
					}
				},
				"front_piece_r": {
					"rotation": {
						"0.0": [0, 0, 0],
						"0.25": [0, 0, 0],
						"1.0": [9.93429, 1.24605, -14.26352],
						"1.625": [-18.00019, 4.21975, 26.18854],
						"2.0": [0, 0, 0]
					}
				},
				"front_piece_l": {
					"rotation": {
						"0.0": [0, 0, 0],
						"0.25": [0, 0, 0],
						"1.0": [9.93429, -1.24605, 14.26352],
						"1.625": [-18.00019, -4.21975, -26.18854],
						"2.0": [0, 0, 0]
					}
				},
				"cross_hand_forearm": {
					"rotation": {
						"0.0": [0, 0, 0],
						"0.25": [0, 0, 0],
						"1.0": [15, 0, 0],
						"1.5": [12.5, 0, 0],
						"2.0": [0, 0, 0]
					}
				}
			}
		}
	}
}