{
	"format_version": "1.8.0",
	"animations": {
		"animation.coolerguy.battle_idle": {
			"loop": true,
			"animation_length": 1,
			"bones": {
				"coolerguy": {
					"rotation": {
						"0.0": [0, 0, 0],
						"0.1667": [0, 0, -5],
						"0.3333": [0, 0, -5],
						"0.5": [0, 0, 0],
						"0.6667": [0, 0, 5],
						"0.8333": [0, 0, 5],
						"1.0": [0, 0, 0]
					}
				},
				"head": {
					"position": {
						"0.0": [0, 0, 0],
						"0.125": [0, -0.25, 0],
						"0.5": [0, 0, 0],
						"0.625": [0, -0.25, 0],
						"1.0": [0, 0, 0]
					}
				},
				"mouth": {
					"position": {
						"0.0": [0, 0, 0],
						"0.25": [0, -0.25, 0],
						"0.5": [0, 0, 0],
						"0.75": [0, -0.25, 0],
						"1.0": [0, 0, 0]
					}
				},
				"body": {
					"position": [0, 0, 0]
				},
				"left_front_leg": {
					"rotation": {
						"0.0": [0, 0, 0],
						"0.5": [0, 0, 0],
						"0.6667": [0, 0, -7.5],
						"0.8333": [0, 0, -7.5],
						"1.0": [0, 0, 0]
					}
				},
				"right_front_leg": {
					"rotation": {
						"0.0": [0, 0, 0],
						"0.1667": [0, 0, 7.5],
						"0.3333": [0, 0, 7.5],
						"0.5": [0, 0, 0]
					}
				},
				"left_hind_leg": {
					"rotation": {
						"0.0": [0, 0, 0],
						"0.5": [0, 0, 0],
						"0.6667": [0, 0, -7.5],
						"0.8333": [0, 0, -7.5],
						"1.0": [0, 0, 0]
					}
				},
				"right_hind_leg": {
					"rotation": {
						"0.0": [0, 0, 0],
						"0.1667": [0, 0, 7.5],
						"0.3333": [0, 0, 7.5],
						"0.5": [0, 0, 0]
					}
				}
			}
		},
		"animation.coolerguy.ground_idle": {
			"loop": true,
			"animation_length": 2,
			"bones": {
				"head": {
					"position": {
						"0.0417": {
							"pre": [0, 0, 0],
							"post": [0, 0, 0],
							"lerp_mode": "catmullrom"
						},
						"0.5417": {
							"post": [0, -0.25, 0],
							"lerp_mode": "catmullrom"
						},
						"1.0417": {
							"post": [0, 0, 0],
							"lerp_mode": "catmullrom"
						},
						"1.5417": {
							"post": [0, -0.25, 0],
							"lerp_mode": "catmullrom"
						},
						"2.0": {
							"post": [0, 0, 0],
							"lerp_mode": "catmullrom"
						}
					}
				},
				"body": {
					"position": {
						"0.0": {
							"post": [0, 0, 0],
							"lerp_mode": "catmullrom"
						},
						"0.5": {
							"post": [0, -0.25, 0],
							"lerp_mode": "catmullrom"
						},
						"1.0": {
							"post": [0, 0, 0],
							"lerp_mode": "catmullrom"
						},
						"1.5": {
							"post": [0, -0.25, 0],
							"lerp_mode": "catmullrom"
						},
						"2.0": {
							"post": [0, 0, 0],
							"lerp_mode": "catmullrom"
						}
					}
				},
				"legs": {
					"position": {
						"0.0": {
							"post": [0, 0, 0],
							"lerp_mode": "catmullrom"
						},
						"0.5": {
							"post": [0, 0.25, 0],
							"lerp_mode": "catmullrom"
						},
						"1.0": {
							"post": [0, 0, 0],
							"lerp_mode": "catmullrom"
						},
						"1.5": {
							"post": [0, 0.25, 0],
							"lerp_mode": "catmullrom"
						},
						"2.0": {
							"post": [0, 0, 0],
							"lerp_mode": "catmullrom"
						}
					}
				}
			}
		},
		"animation.coolerguy.ground_walking": {
			"loop": true,
			"animation_length": 1,
			"bones": {
				"head": {
					"position": {
						"0.0": [0, 0, 0],
						"0.3333": [0, -0.25, 0],
						"0.6667": [0, 0.25, 0],
						"1.0": [0, 0, 0]
					}
				},
				"body": {
					"rotation": {
						"0.0": [0, 0, 0],
						"0.25": [2.5, 0, 0],
						"0.5": [0, 0, 0],
						"0.75": [-2.5, 0, 0],
						"1.0": [0, 0, 0]
					},
					"position": {
						"0.0": [0, 0, 0],
						"0.25": [0, -0.25, 0],
						"0.5": [0, 0, 0],
						"0.75": [0, -0.25, 0],
						"1.0": [0, 0, 0]
					}
				},
				"left_front_leg": {
					"rotation": {
						"0.0": [0, 0, 0],
						"0.25": [45, 0, 0],
						"0.5": [0, 0, 0],
						"0.75": [-45, 0, 0],
						"1.0": [0, 0, 0]
					}
				},
				"right_front_leg": {
					"rotation": {
						"0.0": [0, 0, 0],
						"0.25": [-45, 0, 0],
						"0.5": [0, 0, 0],
						"0.75": [45, 0, 0],
						"1.0": [0, 0, 0]
					}
				},
				"left_hind_leg": {
					"rotation": {
						"0.0": [0, 0, 0],
						"0.25": [-45, 0, 0],
						"0.5": [0, 0, 0],
						"0.75": [45, 0, 0],
						"1.0": [0, 0, 0]
					}
				},
				"right_hind_leg": {
					"rotation": {
						"0.0": [0, 0, 0],
						"0.25": [45, 0, 0],
						"0.5": [0, 0, 0],
						"0.75": [-45, 0, 0],
						"1.0": [0, 0, 0]
					}
				}
			}
		},
		"animation.coolerguy.cry": {
			"animation_length": 0.9583,
			"bones": {
				"head": {
					"rotation": {
						"0.0": [0, 0, 0],
						"0.1667": [-7.5, 0, 0],
						"0.7917": [-7.5, 0, 0],
						"0.9583": [0, 0, 0]
					},
					"position": {
						"0.0": [0, 0, 0],
						"0.1667": [0, 0, 0],
						"0.25": ["math.sin(q.anim_time * 2000) * 0.25", 0, 0],
						"0.5": ["math.sin(q.anim_time * 2000) * 0.25", 0, 0],
						"0.7917": [0, 0, 0],
						"0.9583": [0, 0, 0]
					}
				},
				"body": {
					"rotation": {
						"0.0": [0, 0, 0],
						"0.1667": [-5, 0, 0],
						"0.7917": [-5, 0, 0],
						"0.9583": [0, 0, 0]
					}
				},
				"left_front_leg": {
					"rotation": {
						"0.0": [0, 0, 0],
						"0.1667": [5, 0, 0],
						"0.7917": [5, 0, 0],
						"0.9583": [0, 0, 0]
					},
					"position": {
						"0.0": [0, 0, 0],
						"0.1667": [0, -0.25, 0],
						"0.7917": [0, -0.25, 0],
						"0.9583": [0, 0, 0]
					}
				},
				"right_front_leg": {
					"rotation": {
						"0.0": [0, 0, 0],
						"0.1667": [5, 0, 0],
						"0.7917": [5, 0, 0],
						"0.9583": [0, 0, 0]
					},
					"position": {
						"0.0": [0, 0, 0],
						"0.1667": [0, -0.25, 0],
						"0.7917": [0, -0.25, 0],
						"0.9583": [0, 0, 0]
					}
				},
				"left_hind_leg": {
					"position": {
						"0.0": [0, 0, 0],
						"0.1667": [0, 0.25, 0],
						"0.7917": [0, 0.25, 0],
						"0.9583": [0, 0, 0]
					}
				},
				"right_hind_leg": {
					"position": {
						"0.0": [0, 0, 0],
						"0.1667": [0, 0.25, 0],
						"0.7917": [0, 0.25, 0],
						"0.9583": [0, 0, 0]
					}
				},
				"right_eye": {
					"scale": {
						"0.0": [1, 1, 1],
						"0.9583": [1, 1, 1]
					}
				},
				"mouth": {
					"position": {
						"0.0": [0, 0, 0],
						"0.1667": [0, 0, 0],
						"0.25": [0, -0.5, 0],
						"0.2917": [0, -0.75, 0],
						"0.3333": [0, -0.25, 0],
						"0.375": [0, -0.5, 0],
						"0.4167": [0, -0.75, 0],
						"0.4583": [0, -0.25, 0],
						"0.5": [0, -0.5, 0],
						"0.5417": [0, -0.75, 0],
						"0.5833": [0, -0.25, 0],
						"0.625": [0, -0.5, 0],
						"0.6667": [0, -0.75, 0],
						"0.7083": [0, -0.25, 0],
						"0.75": [0, -0.5, 0],
						"0.9583": [0, 0, 0]
					}
				},
				"eye_dot_right": {
					"rotation": {
						"0.0": [0, 0, 0],
						"0.1667": [0, 0, 15],
						"0.7917": [0, 0, 15],
						"0.9583": [0, 0, 0]
					},
					"position": {
						"0.0": [0, 0, 0],
						"0.1667": [0.25, 0.5, 0],
						"0.7917": [0.25, 0.5, 0],
						"0.9583": [0, 0, 0]
					},
					"scale": {
						"0.0": [1, 1, 1],
						"0.1667": [2.3, 1, 1],
						"0.7917": [2.3, 1, 1],
						"0.9583": [1, 1, 1]
					}
				},
				"eye_dot_left": {
					"rotation": {
						"0.0": [0, 0, 0],
						"0.1667": [0, 0, -15],
						"0.7917": [0, 0, -15],
						"0.9583": [0, 0, 0]
					},
					"position": {
						"0.0": [0, 0, 0],
						"0.1667": [0.25, 0.5, 0],
						"0.7917": [0.25, 0.5, 0],
						"0.9583": [0, 0, 0]
					},
					"scale": {
						"0.0": [1, 1, 1],
						"0.1667": [2.3, 1, 1],
						"0.7917": [2.3, 1, 1],
						"0.9583": [1, 1, 1]
					}
				}
			}
		}
	}
}