{
	"format_version": "1.8.0",
	"animations": {
		"animation.soliux.faint": {
			"animation_length": 0.5,
			"bones": {
				"head": {
					"rotation": {
						"0.0": [0, 0, 0],
						"0.375": [20, 0, 0]
					},
					"position": {
						"0.0": [0, 0, 0],
						"0.375": [0, -4, 0]
					}
				},
				"brella": {
					"rotation": {
						"0.0": [0, 0, 0],
						"0.375": [0.89341, -7.99365, -12.73415]
					}
				},
				"body": {
					"position": {
						"0.0": [0, 0, 0],
						"0.375": [0, -4, 0]
					}
				},
				"leg_fl": {
					"rotation": {
						"0.0": [0, 0, 0],
						"0.375": [0, 0, 62.5]
					}
				},
				"leg_fr": {
					"rotation": {
						"0.0": [0, 0, 0],
						"0.375": [0, 0, -62.5]
					}
				},
				"leg_bl": {
					"rotation": {
						"0.0": [0, 0, 0],
						"0.375": [0, 0, 72.5]
					}
				},
				"leg_br": {
					"rotation": {
						"0.0": [0, 0, 0],
						"0.375": [0, 0, -72.5]
					}
				},
				"tail": {
					"rotation": {
						"0.0": [0, 0, 0],
						"0.375": [-7.5, 0, 0]
					}
				},
				"tail_back": {
					"rotation": {
						"0.0": [0, 0, 0],
						"0.375": [-67.5, 0, 0]
					}
				},
				"tail_backer": {
					"rotation": {
						"0.0": [0, 0, 0],
						"0.375": [-85, 0, 0]
					},
					"position": {
						"0.0": [0, 0, 0],
						"0.375": [0, -1.93185, -0.51764]
					}
				}
			}
		},
		"animation.soliux.ground_walk": {
			"loop": true,
			"animation_length": 1,
			"bones": {
				"head": {
					"rotation": {
						"0.0": [0, 0, 0],
						"0.5": [7.5, 0, 0],
						"1.0": [0, 0, 0]
					},
					"position": {
						"0.0": [0, 0, 0],
						"0.5": [0, 0, 1],
						"1.0": [0, 0, 0]
					}
				},
				"head_fluff_l": {
					"rotation": {
						"0.0": [0, 0, 0],
						"0.5": [-0.44582, -11.73507, 4.3361],
						"1.0": [0, 0, 0]
					}
				},
				"head_fluff_r": {
					"rotation": {
						"0.0": [0, 0, 0],
						"0.5": [-0.44582, 11.73507, -4.3361],
						"1.0": [0, 0, 0]
					}
				},
				"brella": {
					"rotation": {
						"0.0": [0, 0, 0],
						"0.5": [0.1577, -2.55868, -7.05239],
						"1.0": [0, 0, 0]
					}
				},
				"body": {
					"rotation": {
						"0.0": [0, 0, 0],
						"0.5": [7.5, 0, 0],
						"1.0": [0, 0, 0]
					},
					"position": {
						"0.0": [0, 0, 0],
						"0.5": [0, 0, 1],
						"1.0": [0, 0, 0]
					}
				},
				"leg_fl": {
					"rotation": {
						"0.0": [-12.5, 0, 0],
						"0.25": [-42.5, 0, 0],
						"0.5": [5, 0, 0],
						"0.75": [7.5, 0, 0],
						"1.0": [-12.5, 0, 0]
					},
					"position": {
						"0.0": [0, 0, -1],
						"0.25": [0, 0, 0],
						"0.5": [0, 1, 0],
						"0.75": [0, 1, -1],
						"1.0": [0, 0, -1]
					}
				},
				"leg_fr": {
					"rotation": {
						"0.0": [0, 0, 0],
						"0.25": [17.5, 0, 0],
						"0.5": [0, 0, 0],
						"0.75": [-37.5, 0, 0],
						"1.0": [0, 0, 0]
					},
					"position": {
						"0.0": [0, 1, 0],
						"0.25": [0, 1, -1],
						"0.5": [0, 0, -1],
						"0.75": [0, 0, 0],
						"1.0": [0, 1, 0]
					}
				},
				"leg_bl": {
					"position": {
						"0.0": [0, 1, 0],
						"0.25": [0, 1, -1],
						"0.5": [0, 0, -0.67],
						"0.75": [0, 0.5, 0.67],
						"1.0": [0, 1, 0]
					}
				},
				"leg_br": {
					"position": {
						"0.0": [0, 0, -1],
						"0.25": [0, 0, 0.5],
						"0.5": [0, 1, 0],
						"0.75": [0, 1, -1],
						"1.0": [0, 0, -1]
					}
				},
				"tail": {
					"rotation": {
						"0.0": [0, 0, 0],
						"0.5": {
							"pre": [-15, 0, 0],
							"post": [-15, 0, 0],
							"lerp_mode": "catmullrom"
						},
						"1.0": [0, 0, 0]
					}
				},
				"tail_back": {
					"rotation": {
						"0.0": [0, 0, 0],
						"0.5": {
							"pre": [-17.5, 0, 0],
							"post": [-17.5, 0, 0],
							"lerp_mode": "catmullrom"
						},
						"1.0": [0, 0, 0]
					}
				},
				"tail_backer": {
					"rotation": {
						"0.0": [0, 0, 0],
						"0.5": {
							"pre": [-22.5, 0, 0],
							"post": [-22.5, 0, 0],
							"lerp_mode": "catmullrom"
						},
						"1.0": [0, 0, 0]
					}
				},
				"foot_fl": {
					"rotation": {
						"0.0": [5, 0, 0],
						"0.25": [37.5, 0, 0],
						"0.5": [5, 0, 0],
						"0.75": [-5, 0, 0],
						"1.0": [5, 0, 0]
					}
				},
				"foot_fr": {
					"rotation": {
						"0.0": [7.5, 0, 0],
						"0.25": [12.5, 0, 0],
						"0.5": [-51.25, 0, 0],
						"0.75": [20, 0, 0],
						"1.0": [7.5, 0, 0]
					}
				},
				"foot_bl": {
					"rotation": {
						"0.0": [35, 0, 0],
						"0.25": [-31.59091, 0, 0],
						"0.5": [0, 0, 0],
						"1.0": [35, 0, 0]
					}
				},
				"foot_br": {
					"rotation": {
						"0.0": [0, 0, 0],
						"0.25": [12.5, 0, 0],
						"0.5": [52.5, 0, 0],
						"0.75": [-37.5, 0, 0],
						"1.0": [0, 0, 0]
					}
				}
			}
		},
		"animation.soliux.ground_idle": {
			"loop": true,
			"animation_length": 1.25,
			"bones": {
				"head": {
					"rotation": {
						"0.0": [0, 0, 0],
						"0.625": [7.5, 0, 0],
						"1.25": [0, 0, 0]
					},
					"position": {
						"0.0": [0, 0, 0],
						"0.625": [0, 0, 1],
						"1.25": [0, 0, 0]
					}
				},
				"head_fluff_l": {
					"rotation": {
						"0.0": [0, 0, 0],
						"0.625": [-0.44582, -11.73507, 4.3361],
						"1.25": [0, 0, 0]
					}
				},
				"head_fluff_r": {
					"rotation": {
						"0.0": [0, 0, 0],
						"0.625": [-0.44582, 11.73507, -4.3361],
						"1.25": [0, 0, 0]
					}
				},
				"brella": {
					"rotation": {
						"0.0": [0, 0, 0],
						"0.625": [0.1577, -2.55868, -7.05239],
						"1.25": [0, 0, 0]
					}
				},
				"body": {
					"rotation": {
						"0.0": [0, 0, 0],
						"0.625": [-7.5, 0, 0],
						"1.25": [0, 0, 0]
					}
				},
				"leg_bl": {
					"rotation": {
						"0.0": [0, 0, 0],
						"0.625": [5, 0, 0],
						"1.25": [0, 0, 0]
					},
					"position": {
						"0.0": [0, 0, 0],
						"0.625": [0, 0.99144, -0.13053],
						"1.25": [0, 0, 0]
					}
				},
				"leg_br": {
					"rotation": {
						"0.0": [0, 0, 0],
						"0.625": [2.5, 0, 0],
						"1.25": [0, 0, 0]
					},
					"position": {
						"0.0": [0, 0, 0],
						"0.625": [0, 0.99144, -0.13053],
						"1.25": [0, 0, 0]
					}
				},
				"tail": {
					"rotation": {
						"0.0": [0, 0, 0],
						"0.625": {
							"pre": [-15, 0, 0],
							"post": [-15, 0, 0],
							"lerp_mode": "catmullrom"
						},
						"1.25": [0, 0, 0]
					}
				},
				"tail_back": {
					"rotation": {
						"0.0": [0, 0, 0],
						"0.625": {
							"pre": [-17.5, 0, 0],
							"post": [-17.5, 0, 0],
							"lerp_mode": "catmullrom"
						},
						"1.25": [0, 0, 0]
					}
				},
				"tail_backer": {
					"rotation": {
						"0.0": [0, 0, 0],
						"0.625": {
							"pre": [-22.5, 0, 0],
							"post": [-22.5, 0, 0],
							"lerp_mode": "catmullrom"
						},
						"1.25": [0, 0, 0]
					}
				},
				"foot_fl": {
					"rotation": {
						"0.0": [0, 0, 0],
						"0.625": [5, 0, 0],
						"1.25": [0, 0, 0]
					}
				},
				"foot_fr": {
					"rotation": {
						"0.0": [0, 0, 0],
						"0.625": [5, 0, 0],
						"1.25": [0, 0, 0]
					}
				},
				"foot_bl": {
					"rotation": {
						"0.0": [0, 0, 0],
						"0.625": [0, 0, 0],
						"1.25": [0, 0, 0]
					},
					"position": {
						"0.0": [0, 0, 0],
						"0.625": [0, 0.5, -0.04362],
						"1.25": [0, 0, 0]
					}
				},
				"foot_br": {
					"rotation": {
						"0.0": [0, 0, 0],
						"0.625": [0, 0, 0],
						"1.25": [0, 0, 0]
					},
					"position": {
						"0.0": [0, 0, 0],
						"0.625": [0, 0.5, -0.08716],
						"1.25": [0, 0, 0]
					}
				},
				"leg_fl_fluff": {
					"rotation": {
						"0.0": [0, 0, 0],
						"0.625": [-22.5, 0, 0],
						"1.25": [0, 0, 0]
					},
					"position": {
						"0.0": [0, 0, 0],
						"0.625": [0, -0.99144, 0.13053],
						"1.25": [0, 0, 0]
					}
				},
				"leg_fr_fluff": {
					"rotation": {
						"0.0": [0, 0, 0],
						"0.625": [-20, 0, 0],
						"1.25": [0, 0, 0]
					},
					"position": {
						"0.0": [0, 0, 0],
						"0.625": [0, -0.99144, 0.13053],
						"1.25": [0, 0, 0]
					}
				}
			}
		}
	}
}