{
	"format_version": "1.8.0",
	"animations": {
		"animation.probrasscis.ground_idle": {
			"loop": true,
			"animation_length": 2.5,
			"bones": {
				"not_legs": {
					"rotation": [-37.5, 0, 0],
					"position": [0, 0, 0]
				},
				"head": {
					"rotation": {
						"0.0": [35, 0, 0],
						"0.625": [32.5, 0, 0],
						"1.25": [37.5, 0, 0],
						"1.75": [38, 0, 0],
						"2.0": [38, 0, 0],
						"2.5": [35, 0, 0]
					}
				},
				"body": {
					"rotation": {
						"0.0": {
							"post": [0, 0, 0],
							"lerp_mode": "catmullrom"
						},
						"0.625": {
							"post": [-2.5, 0, 0],
							"lerp_mode": "catmullrom"
						},
						"1.25": {
							"post": [0, 0, 0],
							"lerp_mode": "catmullrom"
						},
						"1.875": {
							"post": [5, 0, 0],
							"lerp_mode": "catmullrom"
						},
						"2.5": {
							"post": [0, 0, 0],
							"lerp_mode": "catmullrom"
						}
					}
				},
				"abdomen": {
					"rotation": {
						"0.0": {
							"post": [-20, 0, 0],
							"lerp_mode": "catmullrom"
						}
					}
				},
				"arm_left": {
					"rotation": [0, -15, 59]
				},
				"arm_left_2": {
					"rotation": [1, -7.5, 35]
				},
				"hand_left": {
					"rotation": [0, 0, 40]
				},
				"tube": {
					"rotation": [10, 0, 0]
				},
				"bell": {
					"rotation": [10, 0, 0]
				},
				"flare": {
					"rotation": {
						"0.0": [0, 0, 0],
						"0.875": [0, 0, 0],
						"2.5": [0, 0, 0]
					},
					"position": {
						"0.0": [0, 0, 0],
						"0.875": [0, 0, 0]
					},
					"scale": {
						"0.0": [1, 1, 1],
						"0.875": [1, 1, 1],
						"1.125": {
							"pre": [1.2, 1.2, 1],
							"post": [1.2, 1.2, 1],
							"lerp_mode": "catmullrom"
						},
						"1.375": {
							"post": [1.15, 1.15, 1],
							"lerp_mode": "catmullrom"
						},
						"1.625": {
							"post": [1.2, 1.2, 1],
							"lerp_mode": "catmullrom"
						},
						"1.875": [1, 1, 1],
						"2.5": [1, 1, 1]
					}
				},
				"arm_right": {
					"rotation": [0, 15, -59]
				},
				"wrist_left": {
					"rotation": [72.75, 3.75, 18]
				},
				"arm_right_2": {
					"rotation": [-1, 7.5, -35]
				},
				"wrist_right": {
					"rotation": [72.75, 3.75, -18]
				},
				"hand_right": {
					"rotation": [0, 0, -40]
				},
				"leg_right": {
					"rotation": [-1.75378, -9.84655, -59.84892]
				},
				"leg_left": {
					"rotation": [-1.75378, 9.84655, 59.84892]
				},
				"leg_left_2": {
					"rotation": [-3.13388, -17.22575, 32.97479]
				},
				"foot_left": {
					"rotation": [-12.5, 7.5, -2.5]
				},
				"leg_right_2": {
					"rotation": [-3.13388, 17.22575, -32.97479]
				},
				"foot_right": {
					"rotation": [-12.5, -7.5, 2.5]
				},
				"tail": {
					"rotation": [40, 0, 0]
				},
				"tail_2": {
					"rotation": [52.5, 0, 0]
				},
				"tail_3": {
					"rotation": [50, 0, 0]
				},
				"nose": {
					"position": {
						"0.0": {
							"post": [0, 0, 0],
							"lerp_mode": "catmullrom"
						},
						"0.5": {
							"post": [0, 0.25, 0],
							"lerp_mode": "catmullrom"
						},
						"0.75": {
							"post": [0, 0.25, 0],
							"lerp_mode": "catmullrom"
						},
						"1.0833": {
							"post": [0, -0.5, 0],
							"lerp_mode": "catmullrom"
						},
						"2.0": {
							"post": [0, -0.5, 0],
							"lerp_mode": "catmullrom"
						},
						"2.5": {
							"post": [0, 0, 0],
							"lerp_mode": "catmullrom"
						}
					}
				}
			}
		},
		"animation.probrasscis.ground_walking": {
			"loop": true,
			"animation_length": 2.5,
			"bones": {
				"not_legs": {
					"rotation": [-37.5, 0, 0],
					"position": [0, 0, 0]
				},
				"head": {
					"rotation": {
						"0.0": [35, 0, 0],
						"0.625": [32.5, 0, 0],
						"1.25": [37.5, 0, 0],
						"1.75": [38, 0, 0],
						"2.0": [38, 0, 0],
						"2.5": [35, 0, 0]
					}
				},
				"body": {
					"rotation": {
						"0.0": {
							"post": [0, 0, 0],
							"lerp_mode": "catmullrom"
						},
						"0.625": {
							"post": [-2.5, 0, 0],
							"lerp_mode": "catmullrom"
						},
						"1.25": {
							"post": [0, 0, 0],
							"lerp_mode": "catmullrom"
						},
						"1.875": {
							"post": [5, 0, 0],
							"lerp_mode": "catmullrom"
						},
						"2.5": {
							"post": [0, 0, 0],
							"lerp_mode": "catmullrom"
						}
					}
				},
				"abdomen": {
					"rotation": {
						"0.0": {
							"post": [-20, 0, 0],
							"lerp_mode": "catmullrom"
						}
					}
				},
				"arm_left": {
					"rotation": {
						"0.0": {
							"post": [0, 0, 59],
							"lerp_mode": "catmullrom"
						},
						"0.625": {
							"post": [0, -15, 59],
							"lerp_mode": "catmullrom"
						},
						"1.25": {
							"post": [0, 0, 59],
							"lerp_mode": "catmullrom"
						},
						"1.875": {
							"post": [0, -15, 59],
							"lerp_mode": "catmullrom"
						},
						"2.5": {
							"post": [0, 0, 59],
							"lerp_mode": "catmullrom"
						}
					}
				},
				"arm_left_2": {
					"rotation": [1, -7.5, 35]
				},
				"hand_left": {
					"rotation": [0, 0, 40]
				},
				"tube": {
					"rotation": [10, 0, 0]
				},
				"bell": {
					"rotation": [10, 0, 0]
				},
				"flare": {
					"rotation": {
						"0.0": [0, 0, 0],
						"0.875": [0, 0, 0],
						"2.5": [0, 0, 0]
					},
					"position": {
						"0.0": [0, 0, 0],
						"0.875": [0, 0, 0]
					},
					"scale": {
						"0.0": [1, 1, 1],
						"0.875": [1, 1, 1],
						"1.125": {
							"pre": [1.2, 1.2, 1],
							"post": [1.2, 1.2, 1],
							"lerp_mode": "catmullrom"
						},
						"1.375": {
							"post": [1.15, 1.15, 1],
							"lerp_mode": "catmullrom"
						},
						"1.625": {
							"post": [1.2, 1.2, 1],
							"lerp_mode": "catmullrom"
						},
						"1.875": [1, 1, 1],
						"2.5": [1, 1, 1]
					}
				},
				"arm_right": {
					"rotation": {
						"0.0": {
							"post": [0, 15, -59],
							"lerp_mode": "catmullrom"
						},
						"0.625": {
							"post": [0, 0, -59],
							"lerp_mode": "catmullrom"
						},
						"1.25": {
							"post": [0, 15, -59],
							"lerp_mode": "catmullrom"
						},
						"1.875": {
							"post": [0, 0, -59],
							"lerp_mode": "catmullrom"
						},
						"2.5": {
							"post": [0, 15, -59],
							"lerp_mode": "catmullrom"
						}
					}
				},
				"wrist_left": {
					"rotation": [72.75, 3.75, 18]
				},
				"arm_right_2": {
					"rotation": [-1, 7.5, -35]
				},
				"wrist_right": {
					"rotation": [72.75, 3.75, -18]
				},
				"hand_right": {
					"rotation": [0, 0, -40]
				},
				"leg_right": {
					"rotation": {
						"0.0": {
							"post": [0, -40, -70],
							"lerp_mode": "catmullrom"
						},
						"0.25": {
							"post": [0, -22.5, -70],
							"lerp_mode": "catmullrom"
						},
						"0.5": {
							"post": [0, 12.5, -70],
							"lerp_mode": "catmullrom"
						},
						"0.75": {
							"post": [0, 0, -70],
							"lerp_mode": "catmullrom"
						},
						"1.0": {
							"post": [0, -32.5, -70],
							"lerp_mode": "catmullrom"
						},
						"1.25": {
							"post": [0, -40, -70],
							"lerp_mode": "catmullrom"
						},
						"1.5": {
							"post": [0, -22.5, -70],
							"lerp_mode": "catmullrom"
						},
						"1.75": {
							"post": [0, 12.5, -70],
							"lerp_mode": "catmullrom"
						},
						"2.0": {
							"post": [0, 0, -70],
							"lerp_mode": "catmullrom"
						},
						"2.25": {
							"post": [0, -32.5, -70],
							"lerp_mode": "catmullrom"
						},
						"2.5": {
							"post": [0, -40, -70],
							"lerp_mode": "catmullrom"
						}
					}
				},
				"leg_left": {
					"rotation": {
						"0.0": {
							"post": [0, -12.5, 70],
							"lerp_mode": "catmullrom"
						},
						"0.25": {
							"post": [0, 0, 70],
							"lerp_mode": "catmullrom"
						},
						"0.5": {
							"post": [0, 32.5, 70],
							"lerp_mode": "catmullrom"
						},
						"0.75": {
							"post": [0, 45, 70],
							"lerp_mode": "catmullrom"
						},
						"1.0": {
							"post": [0, 22.5, 70],
							"lerp_mode": "catmullrom"
						},
						"1.25": {
							"post": [0, -12.5, 70],
							"lerp_mode": "catmullrom"
						},
						"1.5": {
							"post": [0, 0, 70],
							"lerp_mode": "catmullrom"
						},
						"1.75": {
							"post": [0, 32.5, 70],
							"lerp_mode": "catmullrom"
						},
						"2.0": {
							"post": [0, 45, 70],
							"lerp_mode": "catmullrom"
						},
						"2.25": {
							"post": [0, 22.5, 70],
							"lerp_mode": "catmullrom"
						},
						"2.5": {
							"post": [0, -12.5, 70],
							"lerp_mode": "catmullrom"
						}
					}
				},
				"leg_left_2": {
					"rotation": {
						"0.0": {
							"post": [-0.75, -22.5, 15.25],
							"lerp_mode": "catmullrom"
						},
						"0.25": {
							"post": [-2.5, -75, 17.5],
							"lerp_mode": "catmullrom"
						},
						"0.5": {
							"post": [-1, -50, 15.75],
							"lerp_mode": "catmullrom"
						},
						"0.75": {
							"post": [-0.5, -2.5, 15],
							"lerp_mode": "catmullrom"
						},
						"1.0": {
							"post": [-0.5, -15, 15.25],
							"lerp_mode": "catmullrom"
						},
						"1.25": {
							"post": [-0.75, -22.5, 15.25],
							"lerp_mode": "catmullrom"
						},
						"1.5": {
							"post": [-2.5, -75, 17.5],
							"lerp_mode": "catmullrom"
						},
						"1.75": {
							"post": [-1, -50, 15.75],
							"lerp_mode": "catmullrom"
						},
						"2.0": {
							"post": [-0.5, -2.5, 15],
							"lerp_mode": "catmullrom"
						},
						"2.25": {
							"post": [-0.5, -15, 15.25],
							"lerp_mode": "catmullrom"
						},
						"2.5": {
							"post": [-0.75, -22.5, 15.25],
							"lerp_mode": "catmullrom"
						}
					}
				},
				"foot_left": {
					"rotation": {
						"0.0": {
							"post": [-13, 19.5, -5.25],
							"lerp_mode": "catmullrom"
						},
						"0.25": {
							"post": [-13.5, -24.25, 4.75],
							"lerp_mode": "catmullrom"
						},
						"0.5": {
							"post": [-13.87214, 27.08034, -7.2601],
							"lerp_mode": "catmullrom"
						},
						"0.75": {
							"post": [-12.5, 2.5, -1.5],
							"lerp_mode": "catmullrom"
						},
						"1.0": {
							"post": [-12.5, -7.25, 0.75],
							"lerp_mode": "catmullrom"
						},
						"1.25": {
							"post": [-13, 19.5, -5.25],
							"lerp_mode": "catmullrom"
						},
						"1.5": {
							"post": [-13.5, -24.25, 4.75],
							"lerp_mode": "catmullrom"
						},
						"1.75": {
							"post": [-12.5, -9.5, 1.25],
							"lerp_mode": "catmullrom"
						},
						"2.0": {
							"post": [-12.5, 2.5, -1.5],
							"lerp_mode": "catmullrom"
						},
						"2.25": {
							"post": [-12.5, -7.25, 0.75],
							"lerp_mode": "catmullrom"
						},
						"2.5": {
							"post": [-13, 19.5, -5.25],
							"lerp_mode": "catmullrom"
						}
					}
				},
				"leg_right_2": {
					"rotation": {
						"0.0": {
							"post": [-0.5, 2.5, -15],
							"lerp_mode": "catmullrom"
						},
						"0.25": {
							"post": [-0.5, 15, -15.25],
							"lerp_mode": "catmullrom"
						},
						"0.5": {
							"post": [-0.75, 22.5, -15.25],
							"lerp_mode": "catmullrom"
						},
						"0.75": {
							"post": [-2.5, 75, -17.5],
							"lerp_mode": "catmullrom"
						},
						"1.0": {
							"post": [-1, 50, -15.75],
							"lerp_mode": "catmullrom"
						},
						"1.25": {
							"post": [-0.5, 2.5, -15],
							"lerp_mode": "catmullrom"
						},
						"1.5": {
							"post": [-0.5, 15, -15.25],
							"lerp_mode": "catmullrom"
						},
						"1.75": {
							"post": [-0.75, 22.5, -15.25],
							"lerp_mode": "catmullrom"
						},
						"2.0": {
							"post": [-2.5, 75, -17.5],
							"lerp_mode": "catmullrom"
						},
						"2.25": {
							"post": [-1, 50, -15.75],
							"lerp_mode": "catmullrom"
						},
						"2.5": {
							"post": [-0.5, 2.5, -15],
							"lerp_mode": "catmullrom"
						}
					}
				},
				"foot_right": {
					"rotation": {
						"0.0": {
							"post": [-12.5, -2.5, 1.5],
							"lerp_mode": "catmullrom"
						},
						"0.25": {
							"post": [-12.5, 7.25, -0.75],
							"lerp_mode": "catmullrom"
						},
						"0.5": {
							"post": [-13, -19.5, 5.25],
							"lerp_mode": "catmullrom"
						},
						"0.75": {
							"post": [-13.5, 24.25, -4.75],
							"lerp_mode": "catmullrom"
						},
						"1.0": {
							"post": [-12.5, 9.5, -1.25],
							"lerp_mode": "catmullrom"
						},
						"1.25": {
							"post": [-12.5, -2.5, 1.5],
							"lerp_mode": "catmullrom"
						},
						"1.5": {
							"post": [-12.5, 7.25, -0.75],
							"lerp_mode": "catmullrom"
						},
						"1.75": {
							"post": [-13, -19.5, 5.25],
							"lerp_mode": "catmullrom"
						},
						"2.0": {
							"post": [-13.5, 24.25, -4.75],
							"lerp_mode": "catmullrom"
						},
						"2.25": {
							"post": [-12.5, 9.5, -1.25],
							"lerp_mode": "catmullrom"
						},
						"2.5": {
							"post": [-12.5, -2.5, 1.5],
							"lerp_mode": "catmullrom"
						}
					}
				},
				"tail": {
					"rotation": [40, 0, 0]
				},
				"tail_2": {
					"rotation": [52.5, 0, 0]
				},
				"tail_3": {
					"rotation": [50, 0, 0]
				},
				"nose": {
					"position": {
						"0.0": {
							"post": [0, 0, 0],
							"lerp_mode": "catmullrom"
						},
						"0.5": {
							"post": [0, 0.25, 0],
							"lerp_mode": "catmullrom"
						},
						"0.75": {
							"post": [0, 0.25, 0],
							"lerp_mode": "catmullrom"
						},
						"1.0833": {
							"post": [0, -0.5, 0],
							"lerp_mode": "catmullrom"
						},
						"2.0": {
							"post": [0, -0.5, 0],
							"lerp_mode": "catmullrom"
						},
						"2.5": {
							"post": [0, 0, 0],
							"lerp_mode": "catmullrom"
						}
					}
				},
				"legs": {
					"rotation": [10, 0, 0]
				},
				"whole": {
					"position": {
						"0.0": [0, -0.5, 0],
						"0.2917": [0, 0.75, 0],
						"0.625": [0, -0.5, 0],
						"0.9583": [0, 0.75, 0],
						"1.25": [0, -0.5, 0],
						"1.5417": [0, 0.75, 0],
						"1.875": [0, -0.5, 0],
						"2.2083": [0, 0.75, 0],
						"2.5": [0, -0.5, 0]
					}
				}
			}
		},
		"animation.probrasscis.battle_idle": {
			"loop": true,
			"animation_length": 2.5,
			"bones": {
				"not_legs": {
					"rotation": [-37.5, 0, 0],
					"position": [0, -0.5, 0]
				},
				"head": {
					"rotation": {
						"0.0": [35, 0, 0],
						"0.625": [35.02564, 2.04767, 1.43455],
						"1.25": [35, 0, 0],
						"1.875": [35.02564, -2.04767, -1.43455],
						"2.5": [35, 0, 0]
					}
				},
				"body": {
					"rotation": {
						"0.0": {
							"post": [0, 0, 0],
							"lerp_mode": "catmullrom"
						},
						"0.625": {
							"post": [-2.5, 0, 0],
							"lerp_mode": "catmullrom"
						},
						"1.25": {
							"post": [0, 0, 0],
							"lerp_mode": "catmullrom"
						},
						"1.875": {
							"post": [7.5, 0, 0],
							"lerp_mode": "catmullrom"
						},
						"2.5": {
							"post": [0, 0, 0],
							"lerp_mode": "catmullrom"
						}
					},
					"position": {
						"0.0": {
							"post": [0, 0, 0],
							"lerp_mode": "catmullrom"
						},
						"0.4167": {
							"post": [0, 0, 0],
							"lerp_mode": "catmullrom"
						},
						"0.625": {
							"post": [-0.25, 0, 0],
							"lerp_mode": "catmullrom"
						},
						"1.0417": {
							"post": [-0.25, 0, 0],
							"lerp_mode": "catmullrom"
						},
						"1.25": {
							"post": [0, 0, 0],
							"lerp_mode": "catmullrom"
						},
						"1.6667": {
							"post": [0, 0, 0],
							"lerp_mode": "catmullrom"
						},
						"1.875": {
							"post": [0.25, 0, 0],
							"lerp_mode": "catmullrom"
						},
						"2.2917": {
							"post": [0.25, 0, 0],
							"lerp_mode": "catmullrom"
						},
						"2.5": {
							"post": [0, 0, 0],
							"lerp_mode": "catmullrom"
						}
					}
				},
				"sousa": {
					"rotation": {
						"0.0": [0, 0, 0],
						"0.625": [0, 2.5, 0],
						"1.25": [0, 0, 0],
						"1.875": [0, -2.5, 0],
						"2.5": [0, 0, 0]
					}
				},
				"abdomen": {
					"rotation": {
						"0.0": {
							"post": [-20, 0, 0],
							"lerp_mode": "catmullrom"
						},
						"0.625": {
							"post": [-20.15874, -7.04533, 2.57816],
							"lerp_mode": "catmullrom"
						},
						"1.25": {
							"post": [-20, 0, 0],
							"lerp_mode": "catmullrom"
						},
						"1.875": {
							"post": [-20.15874, 7.04533, 2.57816],
							"lerp_mode": "catmullrom"
						},
						"2.5": {
							"post": [-20, 0, 0],
							"lerp_mode": "catmullrom"
						}
					}
				},
				"arm_left": {
					"rotation": {
						"0.0": {
							"post": [0, 0, 62.5],
							"lerp_mode": "catmullrom"
						},
						"0.625": {
							"post": [0, 0, 60],
							"lerp_mode": "catmullrom"
						},
						"1.25": {
							"post": [0, 5, 55],
							"lerp_mode": "catmullrom"
						},
						"1.875": {
							"post": [-0.32652, 2.4786, 54.99294],
							"lerp_mode": "catmullrom"
						},
						"2.5": {
							"post": [0, 0, 62.5],
							"lerp_mode": "catmullrom"
						}
					}
				},
				"arm_left_2": {
					"rotation": {
						"0.0": [-2.73725, -19.76134, 90.59189],
						"0.9583": [-2.73725, -19.76134, 90.59189],
						"1.25": [-2.58664, 5.21255, 89.43064],
						"2.2917": [-2.57798, -2.27986, 89.76842],
						"2.5": [-2.73725, -19.76134, 90.59189]
					}
				},
				"hand_left": {
					"rotation": [37.28357, -2.97979, 23.5594]
				},
				"tube": {
					"rotation": [10, 0, 0]
				},
				"bell": {
					"rotation": {
						"0.0": [10, 0, 0],
						"0.625": [10.22348, 6.3202, 4.04618],
						"1.25": [10, 0, 0],
						"1.875": [10.22348, -6.3202, -4.04618],
						"2.5": [10, 0, 0]
					}
				},
				"flare": {
					"rotation": {
						"0.0": {
							"post": [0, 0, 0],
							"lerp_mode": "catmullrom"
						},
						"0.875": {
							"post": [0, 0, 0],
							"lerp_mode": "catmullrom"
						},
						"1.875": {
							"post": [0, 0, 0],
							"lerp_mode": "catmullrom"
						},
						"2.5": {
							"post": [0, 0, 0],
							"lerp_mode": "catmullrom"
						}
					},
					"position": {
						"0.0": [0, 0, 0],
						"0.875": [0, 0, 0]
					},
					"scale": {
						"0.0": {
							"post": [1, 1, 1],
							"lerp_mode": "catmullrom"
						},
						"0.4167": {
							"post": [1.05, 1.05, 1],
							"lerp_mode": "catmullrom"
						},
						"0.875": {
							"post": [1, 1, 1],
							"lerp_mode": "catmullrom"
						},
						"1.125": {
							"post": [1.2, 1.2, 1],
							"lerp_mode": "catmullrom"
						},
						"1.375": {
							"post": [1.15, 1.15, 1],
							"lerp_mode": "catmullrom"
						},
						"1.625": {
							"post": [1.2, 1.2, 1],
							"lerp_mode": "catmullrom"
						},
						"1.875": {
							"post": [1, 1, 1],
							"lerp_mode": "catmullrom"
						},
						"2.2083": {
							"post": [1.05, 1.05, 1],
							"lerp_mode": "catmullrom"
						},
						"2.5": {
							"post": [1, 1, 1],
							"lerp_mode": "catmullrom"
						}
					}
				},
				"arm_right": {
					"rotation": {
						"0.0": [-10, 0, -37.5],
						"1.25": [-9.99067, 0.23399, -38.03793],
						"2.5": [-10, 0, -37.5]
					}
				},
				"wrist_left": {
					"rotation": {
						"0.0": [18.05776, 3.00824, 48.89491],
						"0.9167": [18.05776, 3.00824, 48.89491],
						"1.1667": [28.15776, -1.7124, 57.71362],
						"1.6667": [27.93497, -4.0645, 62.13176],
						"2.0417": [20.25378, -1.97866, 64.05759],
						"2.5": [18.05776, 3.00824, 48.89491]
					}
				},
				"arm_right_2": {
					"rotation": {
						"0.0": [2.71994, -19.82169, -95.47532],
						"1.25": [2.76604, -22.31883, -95.60353],
						"2.5": [2.71994, -19.82169, -95.47532]
					}
				},
				"wrist_right": {
					"rotation": {
						"0.0": [-7.47168, 4.95712, -64.34574],
						"1.25": [-7.24961, 5.17745, -61.85642],
						"2.5": [-7.47168, 4.95712, -64.34574]
					}
				},
				"hand_right": {
					"rotation": {
						"0.0": [-45.28327, 11.29565, -5.06313],
						"1.25": [-43.38927, 18.29437, 2.33038],
						"2.5": [-45.28327, 11.29565, -5.06313]
					}
				},
				"leg_right": {
					"rotation": [-1.75378, -9.84655, -59.84892]
				},
				"leg_left": {
					"rotation": [-1.75378, 9.84655, 59.84892]
				},
				"leg_left_2": {
					"rotation": [-3.13388, -17.22575, 32.97479]
				},
				"foot_left": {
					"rotation": {
						"0.0": {
							"post": [-12.5, 7.5, -2.5],
							"lerp_mode": "catmullrom"
						},
						"0.25": {
							"post": [-15.51486, 36.65611, -10.25273],
							"lerp_mode": "catmullrom"
						},
						"0.5417": {
							"post": [-15.51486, 36.65611, -10.25273],
							"lerp_mode": "catmullrom"
						},
						"0.625": {
							"post": [-12.5, 7.5, -2.5],
							"lerp_mode": "catmullrom"
						},
						"0.875": {
							"post": [-15.51486, 36.65611, -10.25273],
							"lerp_mode": "catmullrom"
						},
						"1.1667": {
							"post": [-15.51486, 36.65611, -10.25273],
							"lerp_mode": "catmullrom"
						},
						"1.25": {
							"post": [-12.5, 7.5, -2.5],
							"lerp_mode": "catmullrom"
						},
						"1.5": {
							"post": [-15.51486, 36.65611, -10.25273],
							"lerp_mode": "catmullrom"
						},
						"1.7917": {
							"post": [-15.51486, 36.65611, -10.25273],
							"lerp_mode": "catmullrom"
						},
						"1.875": {
							"post": [-12.5, 7.5, -2.5],
							"lerp_mode": "catmullrom"
						},
						"2.125": {
							"post": [-15.51486, 36.65611, -10.25273],
							"lerp_mode": "catmullrom"
						},
						"2.4167": {
							"post": [-15.51486, 36.65611, -10.25273],
							"lerp_mode": "catmullrom"
						},
						"2.5": {
							"post": [-12.5, 7.5, -2.5],
							"lerp_mode": "catmullrom"
						}
					}
				},
				"leg_right_2": {
					"rotation": [-3.13388, 17.22575, -32.97479]
				},
				"foot_right": {
					"rotation": [-12.5, -7.5, 2.5]
				},
				"tail": {
					"rotation": [40, 0, 0]
				},
				"tail_2": {
					"rotation": [52.5, 0, 0]
				},
				"tail_3": {
					"rotation": [50, 0, 0]
				},
				"nose": {
					"position": {
						"0.0": {
							"post": [0, 0, 0],
							"lerp_mode": "catmullrom"
						},
						"0.5": {
							"post": [0, 0.25, 0],
							"lerp_mode": "catmullrom"
						},
						"0.75": {
							"post": [0, 0.25, 0],
							"lerp_mode": "catmullrom"
						},
						"1.0833": {
							"post": [0, -0.5, 0],
							"lerp_mode": "catmullrom"
						},
						"2.0": {
							"post": [0, -0.5, 0],
							"lerp_mode": "catmullrom"
						},
						"2.5": {
							"post": [0, 0, 0],
							"lerp_mode": "catmullrom"
						}
					}
				}
			}
		},
		"animation.probrasscis.cry": {
			"animation_length": 2.7917,
			"bones": {
				"not_legs": {
					"rotation": [-37.5, 0, 0],
					"position": [0, -0.5, 0]
				},
				"head": {
					"rotation": {
						"0.0": [35, 0, 0],
						"0.9583": [27.5, 0, 0],
						"1.25": [30, 0, 0],
						"1.2917": [40, 0, "math.sin(query.anim_time * 3000) * 3"],
						"2.7917": [35, 0, 0]
					}
				},
				"body": {
					"rotation": {
						"0.0": [0, 0, 0],
						"1.25": [10, 0, 0],
						"1.2917": [10, 0, "math.sin(query.anim_time * 3000) * 3"],
						"2.5": [10, 0, 0],
						"2.7917": [0, 0, 0]
					},
					"position": [0, 0, 0]
				},
				"sousa": {
					"rotation": {
						"0.0": [0, 0, 0],
						"1.25": [0, 0, 0],
						"1.2917": [5, 0, 0],
						"2.5": [2.5, 0, 0],
						"2.7917": [0, 0, 0]
					}
				},
				"abdomen": {
					"rotation": {
						"0.0": {
							"post": [-20, 0, 0],
							"lerp_mode": "catmullrom"
						}
					}
				},
				"arm_left": {
					"rotation": {
						"0.0": {
							"post": [0, 0, 62.5],
							"lerp_mode": "catmullrom"
						}
					}
				},
				"arm_left_2": {
					"rotation": [-2.73725, -19.76134, 90.59189]
				},
				"hand_left": {
					"rotation": [37.28357, -2.97979, 23.5594]
				},
				"tube": {
					"rotation": {
						"0.0": [10, 0, 0],
						"1.25": [10, 0, 0],
						"1.375": [15, 0, 0],
						"2.125": [15, 0, 0],
						"2.7917": [10, 0, 0]
					}
				},
				"bell": {
					"rotation": [10, 0, 0]
				},
				"flare": {
					"rotation": {
						"0.0": [0, 0, 0],
						"1.1667": [0, 0, 0],
						"2.7917": [0, 0, 0]
					},
					"position": {
						"0.0": [0, 0, 0],
						"1.1667": [0, 0, 0]
					},
					"scale": {
						"0.0": [1, 1, 1],
						"1.1667": [1, 1, 1],
						"1.4167": {
							"pre": [1.3, 1.3, 1],
							"post": [1.3, 1.3, 1],
							"lerp_mode": "catmullrom"
						},
						"1.5833": {
							"post": [1.2, 1.2, 1],
							"lerp_mode": "catmullrom"
						},
						"1.75": {
							"post": [1.3, 1.3, 1],
							"lerp_mode": "catmullrom"
						},
						"1.9167": {
							"post": [1.2, 1.2, 1],
							"lerp_mode": "catmullrom"
						},
						"2.0833": {
							"post": [1.3, 1.3, 1],
							"lerp_mode": "catmullrom"
						},
						"2.25": {
							"post": [1.2, 1.2, 1],
							"lerp_mode": "catmullrom"
						},
						"2.4167": {
							"post": [1.3, 1.3, 1],
							"lerp_mode": "catmullrom"
						},
						"2.5833": [1, 1, 1],
						"2.7917": [1, 1, 1]
					}
				},
				"arm_right": {
					"rotation": [-10, 0, -37.5]
				},
				"wrist_left": {
					"rotation": [18.05776, 3.00824, 48.89491]
				},
				"arm_right_2": {
					"rotation": [2.71994, -19.82169, -95.47532]
				},
				"wrist_right": {
					"rotation": [-7.47168, 4.95712, -64.34574]
				},
				"hand_right": {
					"rotation": [-45.28327, 11.29565, -5.06313]
				},
				"leg_right": {
					"rotation": [-1.75378, -9.84655, -59.84892]
				},
				"leg_left": {
					"rotation": [-1.75378, 9.84655, 59.84892]
				},
				"leg_left_2": {
					"rotation": [-3.13388, -17.22575, 32.97479]
				},
				"foot_left": {
					"rotation": [-12.5, 7.5, -2.5]
				},
				"leg_right_2": {
					"rotation": [-3.13388, 17.22575, -32.97479]
				},
				"foot_right": {
					"rotation": [-12.5, -7.5, 2.5]
				},
				"tail": {
					"rotation": {
						"0.0": [40, 0, 0],
						"1.0": [44.77, 0, 0],
						"1.25": [44.77, 0, 0],
						"1.375": [77.5, 0, 0],
						"2.125": [77.5, 0, 0],
						"2.7917": [40, 0, 0]
					}
				},
				"tail_2": {
					"rotation": {
						"0.0": [52.5, 0, 0],
						"1.0": [15, 0, 0],
						"1.25": [15, 0, 0],
						"1.375": [72.5, 0, 0],
						"2.125": [72.5, 0, 0],
						"2.7917": [52.5, 0, 0]
					}
				},
				"tail_3": {
					"rotation": {
						"0.0": [50, 0, 0],
						"1.0": [12.5, 0, 0],
						"1.25": [25, 0, 0],
						"1.375": [57.5, 0, 0],
						"2.7917": [50, 0, 0]
					}
				},
				"nose": {
					"position": {
						"0.0": {
							"post": [0, 0, 0],
							"lerp_mode": "catmullrom"
						},
						"0.7917": {
							"post": [0, 0.25, 0],
							"lerp_mode": "catmullrom"
						},
						"1.1667": {
							"post": [0, 0.25, 0],
							"lerp_mode": "catmullrom"
						},
						"1.375": {
							"post": [0, -0.5, 0],
							"lerp_mode": "catmullrom"
						},
						"2.2917": {
							"post": [0, -0.5, 0],
							"lerp_mode": "catmullrom"
						},
						"2.7917": {
							"post": [0, 0, 0],
							"lerp_mode": "catmullrom"
						}
					}
				}
			}
		},
		"animation.probrasscis.faint": {
			"loop": "hold_on_last_frame",
			"animation_length": 5.5833,
			"bones": {
				"not_legs": {
					"rotation": {
						"0.0": [-37.5, 0, 0],
						"4.0417": {
							"pre": [-37.5, 0, 0],
							"post": [-37.5, 0, 0],
							"lerp_mode": "catmullrom"
						},
						"4.2917": {
							"post": [17.5, 0, 0],
							"lerp_mode": "catmullrom"
						}
					},
					"position": {
						"0.0": [0, -0.5, 0],
						"4.0417": {
							"pre": [0, -0.5, 0],
							"post": [0, -0.5, 0],
							"lerp_mode": "catmullrom"
						},
						"4.2917": {
							"post": [0, -4.5, -4],
							"lerp_mode": "catmullrom"
						}
					}
				},
				"head": {
					"rotation": {
						"0.0": [35, 0, 0],
						"0.9583": [27.5, 0, 0],
						"1.25": [27.5, 0, 0],
						"1.2917": [35, 0, "math.sin(query.anim_time * 3000) * 3"],
						"2.7083": [27.5, 0, 0],
						"4.0417": {
							"pre": [37.5, 0, 0],
							"post": [37.5, 0, 0],
							"lerp_mode": "catmullrom"
						},
						"4.2917": {
							"post": [47.5, 0, 0],
							"lerp_mode": "catmullrom"
						}
					},
					"position": {
						"0.0": [0, 0, 0],
						"4.2917": [0, -1, 0]
					}
				},
				"body": {
					"rotation": {
						"0.0": [0, 0, 0],
						"1.25": [0, 0, 0],
						"1.2917": [0, 0, "math.sin(query.anim_time * 3000) * 3"],
						"2.75": [0, 0, 0],
						"4.0417": {
							"pre": [0, 0, 0],
							"post": [0, 0, 0],
							"lerp_mode": "catmullrom"
						},
						"4.2917": {
							"post": [-15, 0, 0],
							"lerp_mode": "catmullrom"
						}
					},
					"position": {
						"0.0": [0, 0, 0],
						"4.2917": [0, -1, 0]
					}
				},
				"sousa": {
					"rotation": [0, 0, 0],
					"position": {
						"0.0": [0, 0, 0],
						"4.2917": [0, -1, 0]
					}
				},
				"abdomen": {
					"rotation": {
						"0.0": {
							"post": [-20, 0, 0],
							"lerp_mode": "catmullrom"
						},
						"4.0417": {
							"post": [-20, 0, 0],
							"lerp_mode": "catmullrom"
						}
					}
				},
				"arm_left": {
					"rotation": {
						"0.0": {
							"post": [0, 0, 62.5],
							"lerp_mode": "catmullrom"
						}
					}
				},
				"arm_left_2": {
					"rotation": {
						"0.0": [-2.73725, -19.76134, 90.59189],
						"4.0417": {
							"pre": [-2.73725, -19.76134, 90.59189],
							"post": [-2.73725, -19.76134, 90.59189],
							"lerp_mode": "catmullrom"
						},
						"4.2917": {
							"post": [17.45581, 9.79759, -35.87726],
							"lerp_mode": "catmullrom"
						}
					}
				},
				"hand_left": {
					"rotation": [37.28357, -2.97979, 23.5594]
				},
				"tube": {
					"rotation": {
						"0.0": [10, 0, 0],
						"1.25": [10, 0, 0],
						"1.375": [15, 0, 0],
						"2.125": [15, 0, 0]
					}
				},
				"bell": {
					"rotation": [10, 0, 0]
				},
				"flare": {
					"rotation": {
						"0.0": [0, 0, 0],
						"1.1667": [0, 0, 0]
					},
					"position": {
						"0.0": [0, 0, 0],
						"1.1667": [0, 0, 0]
					},
					"scale": {
						"0.0": [1, 1, 1],
						"1.1667": [1, 1, 1],
						"1.4167": {
							"pre": [1.3, 1.3, 1],
							"post": [1.3, 1.3, 1],
							"lerp_mode": "catmullrom"
						},
						"1.5833": {
							"post": [1.2, 1.2, 1],
							"lerp_mode": "catmullrom"
						},
						"1.75": {
							"post": [1.3, 1.3, 1],
							"lerp_mode": "catmullrom"
						},
						"1.9167": {
							"post": [1.2, 1.2, 1],
							"lerp_mode": "catmullrom"
						},
						"2.0833": {
							"post": [1.3, 1.3, 1],
							"lerp_mode": "catmullrom"
						},
						"2.25": {
							"post": [1.2, 1.2, 1],
							"lerp_mode": "catmullrom"
						},
						"2.4167": {
							"post": [1.3, 1.3, 1],
							"lerp_mode": "catmullrom"
						},
						"2.5833": [1, 1, 1]
					}
				},
				"arm_right": {
					"rotation": [-10, 0, -37.5]
				},
				"wrist_left": {
					"rotation": [18.05776, 3.00824, 48.89491]
				},
				"arm_right_2": {
					"rotation": {
						"0.0": [2.71994, -19.82169, -95.47532],
						"4.0417": {
							"pre": [2.71994, -19.82169, -95.47532],
							"post": [2.71994, -19.82169, -95.47532],
							"lerp_mode": "catmullrom"
						},
						"4.2917": {
							"post": [-19.98247, 0.85481, 4.84941],
							"lerp_mode": "catmullrom"
						}
					}
				},
				"wrist_right": {
					"rotation": [-7.47168, 4.95712, -64.34574]
				},
				"hand_right": {
					"rotation": [-45.28327, 11.29565, -5.06313]
				},
				"leg_right": {
					"rotation": {
						"0.0": [-1.75378, -9.84655, -59.84892],
						"4.0417": {
							"pre": [-1.75378, -9.84655, -59.84892],
							"post": [-1.75378, -9.84655, -59.84892],
							"lerp_mode": "catmullrom"
						},
						"4.2917": {
							"post": [39.01557, 54.09868, -22.14319],
							"lerp_mode": "catmullrom"
						}
					},
					"position": {
						"0.0": [0, 0, 0],
						"4.0417": {
							"pre": [0, 0, 0],
							"post": [0, 0, 0],
							"lerp_mode": "catmullrom"
						},
						"4.2917": {
							"post": [0, -1, 0],
							"lerp_mode": "catmullrom"
						}
					}
				},
				"leg_left": {
					"rotation": {
						"0.0": [-1.75378, 9.84655, 59.84892],
						"4.0417": {
							"pre": [-1.75378, 9.84655, 59.84892],
							"post": [-1.75378, 9.84655, 59.84892],
							"lerp_mode": "catmullrom"
						},
						"4.2917": {
							"post": [39.92768, -50.23921, 27.32067],
							"lerp_mode": "catmullrom"
						}
					},
					"position": {
						"0.0": [0, 0, 0],
						"4.0417": {
							"pre": [0, 0, 0],
							"post": [0, 0, 0],
							"lerp_mode": "catmullrom"
						},
						"4.2917": {
							"post": [0, -1, 0],
							"lerp_mode": "catmullrom"
						}
					}
				},
				"leg_left_2": {
					"rotation": {
						"0.0": [-3.13388, -17.22575, 32.97479],
						"4.0417": {
							"pre": [-3.13388, -17.22575, 32.97479],
							"post": [-3.13388, -17.22575, 32.97479],
							"lerp_mode": "catmullrom"
						}
					}
				},
				"foot_left": {
					"rotation": {
						"0.0": [-12.5, 7.5, -2.5],
						"4.0417": {
							"pre": [-12.5, 7.5, -2.5],
							"post": [-12.5, 7.5, -2.5],
							"lerp_mode": "catmullrom"
						}
					}
				},
				"leg_right_2": {
					"rotation": {
						"0.0": [-3.13388, 17.22575, -32.97479],
						"4.0417": {
							"pre": [-3.13388, 17.22575, -32.97479],
							"post": [-3.13388, 17.22575, -32.97479],
							"lerp_mode": "catmullrom"
						},
						"4.2917": {
							"post": [66.21312, 10.5125, -50.6586],
							"lerp_mode": "catmullrom"
						}
					}
				},
				"foot_right": {
					"rotation": {
						"0.0": [-12.5, -7.5, 2.5],
						"4.0417": {
							"pre": [-12.5, -7.5, 2.5],
							"post": [-12.5, -7.5, 2.5],
							"lerp_mode": "catmullrom"
						}
					}
				},
				"tail": {
					"rotation": {
						"0.0": [40, 0, 0],
						"1.0": [44.77, 0, 0],
						"1.25": [44.77, 0, 0],
						"1.375": [77.5, 0, 0],
						"2.125": [77.5, 0, 0]
					}
				},
				"tail_2": {
					"rotation": {
						"0.0": [52.5, 0, 0],
						"1.0": [15, 0, 0],
						"1.25": [15, 0, 0],
						"1.375": [72.5, 0, 0],
						"2.125": [72.5, 0, 0]
					}
				},
				"tail_3": {
					"rotation": {
						"0.0": [50, 0, 0],
						"1.0": [12.5, 0, 0],
						"1.25": [25, 0, 0],
						"1.375": [57.5, 0, 0]
					}
				},
				"nose": {
					"position": {
						"0.0": {
							"post": [0, 0, 0],
							"lerp_mode": "catmullrom"
						},
						"0.7917": {
							"post": [0, 0.25, 0],
							"lerp_mode": "catmullrom"
						},
						"1.1667": {
							"post": [0, 0.25, 0],
							"lerp_mode": "catmullrom"
						},
						"1.375": {
							"post": [0, -0.5, 0],
							"lerp_mode": "catmullrom"
						},
						"2.2917": {
							"post": [0, -0.5, 0],
							"lerp_mode": "catmullrom"
						}
					}
				},
				"legs": {
					"position": {
						"0.0": [0, 0, 0],
						"4.0417": [0, 0, 0],
						"4.2083": [0, -5, -3]
					}
				}
			}
		}
	}
}