{
	"format_version": "1.8.0",
	"animations": {
		"animation.ldryce.faint": {
			"loop": "hold_on_last_frame",
			"animation_length": 5,
			"bones": {
				"eyes": {
					"scale": {
						"0.0": [1, 1, 1],
						"1.0": [1.33, 1.33, 1.33]
					}
				},
				"not_ice": {
					"rotation": {
						"0.0": [0, 0, 0],
						"1.0": ["math.sin(q.anim_time * 3000) * 3", 0, "math.cos(q.anim_time * 2000) * 3"],
						"1.0417": [0, 0, 0]
					},
					"scale": {
						"0.0": [1, 1, 1],
						"0.1667": [1.0075, 1.0075, 1.0075],
						"0.3333": [1.02, 1.02, 1.02],
						"0.5": [1.045, 1.045, 1.045],
						"0.6667": [1.08, 1.08, 1.08],
						"0.8333": [1.13, 1.13, 1.13],
						"1.0": [1.2, 1.2, 1.2],
						"1.0417": [1.2, 0, 1.2]
					}
				}
			}
		},
		"animation.ldryce.ground_idle": {
			"loop": true,
			"animation_length": 25.7083,
			"bones": {
				"1": {
					"position": {
						"0.0": [0, 0, 0],
						"7.7917": [0, 0, 0],
						"7.875": [0, -1, 0],
						"7.9583": [0, 0, 0],
						"15.7917": [0, 0, 0],
						"15.875": [0, -1, 0],
						"15.9583": [0, 0, 0],
						"16.2083": [0, 0, 0],
						"16.2917": [0, -1, 0],
						"16.375": [0, 0, 0]
					}
				},
				"2": {
					"rotation": {
						"0.0": [0, 0, 0],
						"20.2083": [0, 0, 0],
						"20.7083": [0, 0, -360]
					},
					"position": {
						"4.5833": [0, 0, 0],
						"4.6667": [0, 1, 0],
						"4.75": [0, 0, 0],
						"24.2083": [0, 0, 0],
						"24.2917": [0, 1, 0],
						"24.375": [0, 0, 0]
					}
				},
				"monster": {
					"rotation": {
						"0.0": [0, 0, 0],
						"25.6667": [0, 360, 0]
					},
					"position": {
						"0.0": [0, 0, 0],
						"1.4167": [0, 1, 0],
						"1.4583": [-0.41, 1.95, 0],
						"1.5": [-1, 0.88, 0],
						"3.1667": [0, -1.11, 0],
						"3.25": [-2, 0.17, 0],
						"3.2917": [1, 0.8, 0],
						"3.3333": [0, -0.56, 0],
						"5.1667": [0, -5.56, 0],
						"5.2083": [0, -0.56, 0],
						"5.25": [0, -1.56, 0],
						"10.125": [0, 0.44, 0],
						"12.1667": [-1, -0.54, 0],
						"12.2083": [0, -0.56, 0],
						"19.3333": [-1, 1.44, 0],
						"21.9167": [0, 0, 0],
						"22.0": [0, 1, 0],
						"25.6667": [0, 0, 0]
					}
				},
				"particles_1": {
					"rotation": {
						"0.0": [0, 0, 0],
						"25.625": [0, -1080, 0]
					},
					"position": {
						"0.0": [0, 0, 0],
						"4.25": [0, 12.25, 0],
						"6.25": [0, 0.37, 0],
						"7.9167": [0, 3, 0],
						"9.0833": [0, -9.74, 0],
						"16.9167": [0, 5, 0],
						"19.0833": [0, 8.76, 0],
						"25.625": [0, 0, 0]
					}
				},
				"particles_2": {
					"rotation": {
						"0.0": [0, 0, 0],
						"25.625": [0, 0, -360]
					},
					"position": {
						"0.0": [0, 0, 0],
						"6.75": [0, 0, -2],
						"11.375": [-3, 0, -2],
						"12.8333": [-3, -5, -2],
						"16.875": [1, -11, -2],
						"21.625": [0, 0, 0]
					}
				},
				"particles_3": {
					"rotation": {
						"0.0": [0, 0, 0],
						"7.875": [-20, 0, 0],
						"15.7917": [17.5, 0, 0],
						"25.5417": [0, 0, 0]
					},
					"position": {
						"0.0": [0, 0, 0],
						"3.3333": [0, 0, 0],
						"4.4167": [0, 10, 0],
						"5.875": [0, 13, 0],
						"7.625": [0, 5, -4],
						"10.6667": [0, 0, 0],
						"16.0417": [8, -4, 0],
						"16.75": [0, 0, 0]
					}
				},
				"eyes": {
					"rotation": {
						"0.0": [0, 0, 0],
						"13.5417": [0, 0, 0],
						"14.625": [0, -360, 0],
						"21.5417": [0, 0, 0],
						"21.9583": [0, 0, 0]
					},
					"position": {
						"0.0": [0, 0, 0],
						"6.0833": [0, 1, 0],
						"7.1667": [0, 0.82, 0],
						"8.7917": [0, -4.62, 0],
						"12.0417": [0, 0, 0],
						"12.0833": [0, -2.01, 0],
						"13.9583": [0, 0.11, 0],
						"17.9583": [0, -1, 0],
						"25.7083": [0, 0, 0]
					},
					"scale": {
						"1.6667": [1, 1, 1],
						"1.7083": [0.94, 0.94, 0.94],
						"1.75": [0.8, 0.8, 0.8],
						"1.8333": [0.2, 0.2, 0.2],
						"1.875": [0.06, 0.06, 0.06],
						"1.9167": [0, 0, 0],
						"3.7083": [0, 0, 0],
						"3.75": [0.06, 0.06, 0.06],
						"3.7917": [0.2, 0.2, 0.2],
						"3.875": [0.8, 0.8, 0.8],
						"3.9167": [0.94, 0.94, 0.94],
						"3.9583": [1, 1, 1]
					}
				},
				"body": {
					"rotation": {
						"0.0": [0, 0, 0],
						"5.0": [0, 0, 0],
						"5.1667": [0, -27.5, 0],
						"6.9167": [0, 0, 0]
					},
					"position": [0, 0, 0]
				},
				"not_ice": {
					"rotation": {
						"23.625": [0, 0, 0],
						"24.375": ["math.sin(q.anim_time * 3000) * 3", 0, "math.cos(q.anim_time * 2000) * 3"],
						"24.4167": [0, 0, 0]
					},
					"scale": {
						"5.125": {"pre": [1, 1, 1], "post": [0, 0, 0]},
						"5.25": {"pre": [0, 0, 0], "post": [1, 1, 1]},
						"5.375": {"pre": [1, 1, 1], "post": [0, 0, 0]},
						"5.5": {"pre": [0, 0, 0], "post": [1, 1, 1]},
						"5.5833": {"pre": [1, 1, 1], "post": [0, 0, 0]},
						"5.7083": {"pre": [0, 0, 0], "post": [1, 1, 1]},
						"5.8333": {"pre": [1, 1, 1], "post": [0, 0, 0]},
						"5.875": {"pre": [0, 0, 0], "post": [1, 1, 1]},
						"5.9583": {"pre": [1, 1, 1], "post": [0, 0, 0]},
						"6.0833": {"pre": [0, 0, 0], "post": [1, 1, 1]},
						"23.625": [1, 1, 1],
						"23.7917": [1.0075, 1.0075, 1.0075],
						"23.9583": [1.02, 1.02, 1.02],
						"24.125": [1.045, 1.045, 1.045],
						"24.3333": [1, 1, 1]
					}
				}
			}
		}
	}
}