{
	"format_version": "1.12.0",
	"minecraft:geometry": [
		{
			"description": {
				"identifier": "geometry.unknown",
				"texture_width": 128,
				"texture_height": 128,
				"visible_bounds_width": 3,
				"visible_bounds_height": 3.5,
				"visible_bounds_offset": [0, 1.25, 0]
			},
			"bones": [
				{
					"name": "blungus",
					"pivot": [0.5, 0, 0]
				},
				{
					"name": "whole",
					"parent": "blungus",
					"pivot": [0, 0, 3],
					"rotation": [0, 180, 0]
				},
				{
					"name": "body",
					"parent": "whole",
					"pivot": [0.5, 0, 6]
				},
				{
					"name": "actualbody",
					"parent": "body",
					"pivot": [0, 10.375, 7.04167],
					"cubes": [
						{"origin": [-5.5, 2, 2], "size": [11, 15, 10], "uv": [0, 0]},
						{"origin": [-5, 16.75, 3.25], "size": [10, 2, 8], "uv": [0, 25]},
						{"origin": [-6.25, 2.5, 2.5], "size": [1, 12, 9], "uv": [0, 35]},
						{"origin": [5.25, 2.5, 2.5], "size": [1, 12, 9], "uv": [20, 35]},
						{"origin": [-5, 2.5, 1.25], "size": [10, 13, 1], "uv": [40, 39]},
						{"origin": [-5, 2.5, 11.75], "size": [10, 13, 1], "uv": [42, 0]}
					]
				},
				{
					"name": "head",
					"parent": "body",
					"pivot": [0, 22.25, 7.5],
					"cubes": [
						{"origin": [-3, 18.75, 4], "size": [6, 7, 7], "uv": [40, 25]}
					]
				},
				{
					"name": "eyes",
					"parent": "head",
					"pivot": [0, 22, 10.75],
					"cubes": [
						{"origin": [3.75, 24.5, 11.75], "size": [-2, -3, -2], "uv": [14, 86]},
						{"origin": [-1.75, 24.5, 11.75], "size": [-2, -3, -2], "uv": [14, 86]},
						{"origin": [-3.25, 22, 10.25], "size": [1, 2, 1], "uv": [36, 25]},
						{"origin": [2.25, 22, 10.25], "size": [1, 2, 1], "uv": [36, 28]}
					]
				},
				{
					"name": "left_ear",
					"parent": "head",
					"pivot": [1.75, 25.5, 7.5],
					"cubes": [
						{"origin": [1.25, 25, 7], "size": [5, 5, 1], "uv": [60, 59]}
					]
				},
				{
					"name": "right_ear",
					"parent": "head",
					"pivot": [-1.75, 25.5, 7.5],
					"cubes": [
						{"origin": [-6.25, 25, 7], "size": [5, 5, 1], "uv": [0, 61]}
					]
				},
				{
					"name": "mouth",
					"parent": "head",
					"pivot": [0, 19.91667, 10.83333],
					"cubes": [
						{"origin": [-2.5, 19.75, 10.5], "size": [5, 2, 1], "uv": [62, 14]},
						{"origin": [0.25, 19, 10.25], "size": [1, 1, 1], "uv": [36, 31]},
						{"origin": [-1.25, 19, 10.25], "size": [1, 1, 1], "uv": [36, 33]}
					]
				},
				{
					"name": "left_foot",
					"parent": "body",
					"pivot": [5, 1, 7.25],
					"cubes": [
						{"origin": [4, 0, 5.25], "size": [6, 2, 4], "uv": [40, 53]}
					]
				},
				{
					"name": "right_foot",
					"parent": "body",
					"pivot": [-5, 1, 7.25],
					"cubes": [
						{"origin": [-10, 0, 5.25], "size": [6, 2, 4], "uv": [42, 14]}
					]
				},
				{
					"name": "left_arm",
					"parent": "body",
					"pivot": [-5.5, 16.75, 6.5],
					"cubes": [
						{"origin": [-10, 14.75, 5], "size": [5, 2, 3], "uv": [42, 20]}
					]
				},
				{
					"name": "left_arm_2",
					"parent": "left_arm",
					"pivot": [-10.66667, 16.33333, 7.08333],
					"cubes": [
						{"origin": [-15, 14.5, 5], "size": [5, 2, 3], "uv": [0, 56]},
						{"origin": [-17.5, 14, 4.5], "size": [3, 3, 4], "uv": [16, 56]},
						{"origin": [-16, 14.5, 7.25], "size": [1, 1, 2], "uv": [30, 56]}
					]
				},
				{
					"name": "right_arm",
					"parent": "body",
					"pivot": [5.5, 16.75, 6.5],
					"cubes": [
						{"origin": [5, 14.75, 5], "size": [5, 2, 3], "uv": [58, 20]}
					]
				},
				{
					"name": "right_arm_2",
					"parent": "right_arm",
					"pivot": [10.66667, 16.33333, 7.08333],
					"cubes": [
						{"origin": [10, 14.5, 5], "size": [5, 2, 3], "uv": [30, 59]},
						{"origin": [14.5, 14, 4.5], "size": [3, 3, 4], "uv": [46, 59]},
						{"origin": [15, 14.5, 7.25], "size": [1, 1, 2], "uv": [62, 17]}
					]
				},
				{
					"name": "tail",
					"parent": "body",
					"pivot": [0.5, 0, 6],
					"cubes": [
						{"origin": [-1.5, 3, 0], "size": [3, 3, 3], "uv": [60, 53]}
					]
				}
			]
		}
	]
}