{
	"format_version": "1.12.0",
	"minecraft:geometry": [
		{
			"description": {
				"identifier": "geometry.tentaquil",
				"texture_width": 128,
				"texture_height": 128,
				"visible_bounds_width": 5,
				"visible_bounds_height": 3.5,
				"visible_bounds_offset": [0, 1.25, 0]
			},
			"bones": [
				{
					"name": "tentaquil",
					"pivot": [0, 0, 0]
				},
				{
					"name": "body",
					"parent": "tentaquil",
					"pivot": [0, 11, 0]
				},
				{
					"name": "torso",
					"parent": "body",
					"pivot": [0, 3, 0],
					"cubes": [
						{"origin": [-7, 3, -6.5], "size": [14, 15, 13], "uv": [0, 0]},
						{"origin": [-6, 18, -6.5], "size": [12, 4, 12], "uv": [0, 28]}
					]
				},
				{
					"name": "eyelids",
					"parent": "torso",
					"pivot": [0, 1, 0.2],
					"cubes": [
						{"origin": [-4.5, 18.5, -6.3], "size": [2, 2, 0], "inflate": 0.1, "uv": [73, 10]},
						{"origin": [2.5, 18.5, -6.3], "size": [2, 2, 0], "inflate": 0.1, "uv": [73, 10], "mirror": true}
					]
				},
				{
					"name": "arm_right",
					"parent": "torso",
					"pivot": [-7, 15, 0],
					"cubes": [
						{"origin": [7, 13, -3], "size": [3, 2, 6], "pivot": [0, 0, 0], "rotation": [0, 180, 0], "uv": [49, 61]}
					]
				},
				{
					"name": "arm_right2",
					"parent": "arm_right",
					"pivot": [-10, 15, 3],
					"cubes": [
						{"origin": [10, 13, -3.5], "size": [5, 2, 7], "pivot": [0, 0, 0], "rotation": [0, 180, 0], "uv": [60, 29]}
					]
				},
				{
					"name": "arm_right3",
					"parent": "arm_right2",
					"pivot": [-14.9, 15, 3.5],
					"cubes": [
						{"origin": [15, 13, -3.5], "size": [6, 2, 7], "inflate": 0.1, "pivot": [0, 0, 0], "rotation": [0, 180, 0], "uv": [32, 51]}
					]
				},
				{
					"name": "claw_right1",
					"parent": "arm_right3",
					"pivot": [-21, 15, -3.4],
					"cubes": [
						{"origin": [21, 13, 3.4], "size": [5, 2, 0], "pivot": [0, 0, 0], "rotation": [0, 180, 0], "uv": [0, 4]}
					]
				},
				{
					"name": "claw_right2",
					"parent": "arm_right3",
					"pivot": [-21, 15, 0],
					"cubes": [
						{"origin": [21, 13, 0], "size": [5, 2, 0], "pivot": [0, 0, 0], "rotation": [0, 180, 0], "uv": [0, 2]}
					]
				},
				{
					"name": "claw_right3",
					"parent": "arm_right3",
					"pivot": [-21, 15, 3.4],
					"cubes": [
						{"origin": [21, 13, -3.4], "size": [5, 2, 0], "pivot": [0, 0, 0], "rotation": [0, 180, 0], "uv": [0, 0]}
					]
				},
				{
					"name": "arm_left",
					"parent": "torso",
					"pivot": [7, 15, 0],
					"cubes": [
						{"origin": [7, 13, -3], "size": [3, 2, 6], "uv": [49, 61]}
					]
				},
				{
					"name": "arm_left2",
					"parent": "arm_left",
					"pivot": [10, 15, 3],
					"cubes": [
						{"origin": [10, 13, -3.5], "size": [5, 2, 7], "uv": [60, 29]}
					]
				},
				{
					"name": "arm_left3",
					"parent": "arm_left2",
					"pivot": [15, 15, 3.5],
					"cubes": [
						{"origin": [15, 13, -3.5], "size": [6, 2, 7], "inflate": 0.1, "uv": [32, 51]}
					]
				},
				{
					"name": "claw_left1",
					"parent": "arm_left3",
					"pivot": [21, 15, -3.4],
					"cubes": [
						{"origin": [21, 13, -3.4], "size": [5, 2, 0], "uv": [0, 0]}
					]
				},
				{
					"name": "claw_left2",
					"parent": "arm_left3",
					"pivot": [21, 15, 0],
					"cubes": [
						{"origin": [21, 13, 0], "size": [5, 2, 0], "uv": [0, 2]}
					]
				},
				{
					"name": "claw_left_3",
					"parent": "arm_left3",
					"pivot": [21, 15, 3.4],
					"cubes": [
						{"origin": [21, 13, 3.4], "size": [5, 2, 0], "uv": [0, 4]}
					]
				},
				{
					"name": "mouth",
					"parent": "torso",
					"pivot": [0, 0, -0.05],
					"cubes": [
						{"origin": [-5, 16, -6.4], "size": [10, 3, 0], "uv": [65, 19]}
					]
				},
				{
					"name": "ear_left",
					"parent": "torso",
					"pivot": [6, 22, -1],
					"cubes": [
						{"origin": [5, 18, -1], "size": [10, 7, 0], "pivot": [6, 22, -1], "rotation": [0, -30, 0], "uv": [79, 0]}
					]
				},
				{
					"name": "ear_right",
					"parent": "torso",
					"pivot": [-6, 22, -1],
					"cubes": [
						{"origin": [-15, 18, -1], "size": [10, 7, 0], "pivot": [-6, 22, -1], "rotation": [0, 30, 0], "uv": [79, 0], "mirror": true}
					]
				},
				{
					"name": "tail",
					"parent": "torso",
					"pivot": [0, 9, 6.5],
					"cubes": [
						{"origin": [-4, 3, 5.25], "size": [8, 6, 4], "uv": [77, 26]},
						{"origin": [-3, 3.5, 8.25], "size": [6, 4, 4], "uv": [88, 45]}
					]
				},
				{
					"name": "leg_left",
					"parent": "body",
					"pivot": [6, 6, 0],
					"cubes": [
						{"origin": [6, 0, -6], "size": [2, 1, 2], "uv": [0, 28], "mirror": true},
						{"origin": [3, 0, -6], "size": [2, 1, 2], "uv": [0, 31], "mirror": true},
						{"origin": [3, 0, -4], "size": [5, 1, 9], "uv": [41, 0], "mirror": true},
						{"origin": [3, 1, -3], "size": [5, 1, 8], "uv": [50, 52], "mirror": true},
						{"origin": [3, 2, -5], "size": [6, 7, 10], "uv": [38, 34], "mirror": true}
					]
				},
				{
					"name": "leg_right",
					"parent": "body",
					"pivot": [-6, 6, 0],
					"cubes": [
						{"origin": [-8, 0, -6], "size": [2, 1, 2], "uv": [0, 31]},
						{"origin": [-5, 0, -6], "size": [2, 1, 2], "uv": [0, 28]},
						{"origin": [-8, 0, -4], "size": [5, 1, 9], "uv": [41, 0]},
						{"origin": [-8, 1, -3], "size": [5, 1, 8], "uv": [50, 52]},
						{"origin": [-9, 2, -5], "size": [6, 7, 10], "uv": [38, 34]}
					]
				}
			]
		}
	]
}