{
	"format_version": "1.8.0",
	"animations": {
		"animation.impostor.ground_idle": {
			"loop": true,
			"animation_length": 0.7917,
			"bones": {
				"body": {
					"position": {
						"0.0": [0, 0, 0],
						"0.4167": [0, -0.5, 0],
						"0.7917": [0, 0, 0]
					}
				},
				"visor": {
					"position": {
						"0.0": [0, 0, 0],
						"0.1667": [0, 0.5, 0],
						"0.4167": [0, 0.02, 0],
						"0.7917": [0, 0, 0]
					}
				}
			}
		},
		"animation.impostor.battle_idle": {
			"loop": true,
			"animation_length": 0.7917,
			"bones": {
				"body": {
					"position": {
						"0.0": [0, 0, 0],
						"0.4167": [0, -0.5, 0],
						"0.7917": [0, 0, 0]
					}
				},
				"visor": {
					"position": {
						"0.0": [0, 0, 0],
						"0.1667": [0, 0.5, 0],
						"0.4167": [0, 0.02, 0],
						"0.7917": [0, 0, 0]
					}
				}
			}
		},
		"animation.impostor.ground_walk": {
			"loop": true,
			"animation_length": 1,
			"bones": {
				"body": {
					"rotation": {
						"0.0": [0, 0, 0],
						"0.25": [0, 0, -2.5],
						"0.75": [0, 0, 5],
						"1.0": [0, 0, 0]
					},
					"position": {
						"0.0": [0, 0, 0],
						"0.1667": [0, 0.46, 0],
						"0.25": [0, 0.25, 0],
						"0.5": [0, 0.2, 0],
						"0.6667": [0, -0.25, 0],
						"0.75": [0, 0.25, 0],
						"1.0": [0, 0, 0]
					}
				},
				"visor": {
					"position": {
						"0.0": [0, 0, 0],
						"0.2083": [0, 0.25, 0],
						"0.4167": [0, 0.02, 0],
						"1.0": [0, 0, 0]
					}
				},
				"left_leg": {
					"rotation": {
						"0.0": [0, 0, 0],
						"0.25": [90, 0, 0],
						"0.5": [0, 0, 0],
						"0.75": [-90, 0, 0],
						"1.0": [0, 0, 0]
					},
					"position": {
						"0.0": [0, 0, 0],
						"0.25": [0, 0, 0],
						"0.5": [0, 0, 0],
						"0.75": [0, 1, 0],
						"1.0": [0, 0, 0]
					}
				},
				"right_leg": {
					"rotation": {
						"0.0": [0, 0, 0],
						"0.25": [-90, 0, 0],
						"0.5": [0, 0, 0],
						"0.75": [90, 0, 0],
						"1.0": [0, 0, 0]
					},
					"position": {
						"0.0": [0, 0, 0],
						"0.25": [0, 1, 0],
						"0.5": [0, 0, 0],
						"0.75": [0, 0, 0],
						"1.0": [0, 0, 0]
					}
				}
			}
		},
		"animation.impostor.water_idle": {
			"loop": true,
			"animation_length": 1,
			"bones": {
				"body": {
					"rotation": {
						"0.0": [0, 0, 0],
						"0.25": [0, 0, -2.5],
						"0.75": [0, 0, 5],
						"1.0": [0, 0, 0]
					},
					"position": {
						"0.0": [0, 0, 0],
						"0.1667": [0, 0.46, 0],
						"0.25": [0, 0.25, 0],
						"0.5": [0, 0.2, 0],
						"0.6667": [0, -0.25, 0],
						"0.75": [0, 0.25, 0],
						"1.0": [0, 0, 0]
					}
				},
				"visor": {
					"position": {
						"0.0": [0, 0, 0],
						"0.2083": [0, 0.25, 0],
						"0.4167": [0, 0.02, 0],
						"1.0": [0, 0, 0]
					}
				},
				"left_leg": {
					"rotation": {
						"0.0": [0, 0, 0],
						"0.25": [90, 0, 0],
						"0.5": [0, 0, 0],
						"0.75": [-90, 0, 0],
						"1.0": [0, 0, 0]
					},
					"position": {
						"0.0": [0, 0, 0],
						"0.25": [0, 0, 0],
						"0.5": [0, 0, 0],
						"0.75": [0, 1, 0],
						"1.0": [0, 0, 0]
					}
				},
				"right_leg": {
					"rotation": {
						"0.0": [0, 0, 0],
						"0.25": [-90, 0, 0],
						"0.5": [0, 0, 0],
						"0.75": [90, 0, 0],
						"1.0": [0, 0, 0]
					},
					"position": {
						"0.0": [0, 0, 0],
						"0.25": [0, 1, 0],
						"0.5": [0, 0, 0],
						"0.75": [0, 0, 0],
						"1.0": [0, 0, 0]
					}
				}
			}
		},
		"animation.impostor.water_swim": {
			"loop": true,
			"animation_length": 1,
			"bones": {
				"body": {
					"rotation": {
						"0.0": [0, 0, 0],
						"0.25": [0, 0, -2.5],
						"0.75": [0, 0, 5],
						"1.0": [0, 0, 0]
					},
					"position": {
						"0.0": [0, 0, 0],
						"0.1667": [0, 0.46, 0],
						"0.25": [0, 0.25, 0],
						"0.5": [0, 0.2, 0],
						"0.6667": [0, -0.25, 0],
						"0.75": [0, 0.25, 0],
						"1.0": [0, 0, 0]
					}
				},
				"visor": {
					"position": {
						"0.0": [0, 0, 0],
						"0.2083": [0, 0.25, 0],
						"0.4167": [0, 0.02, 0],
						"1.0": [0, 0, 0]
					}
				},
				"left_leg": {
					"rotation": {
						"0.0": [0, 0, 0],
						"0.25": [90, 0, 0],
						"0.5": [0, 0, 0],
						"0.75": [-90, 0, 0],
						"1.0": [0, 0, 0]
					},
					"position": {
						"0.0": [0, 0, 0],
						"0.25": [0, 0, 0],
						"0.5": [0, 0, 0],
						"0.75": [0, 1, 0],
						"1.0": [0, 0, 0]
					}
				},
				"right_leg": {
					"rotation": {
						"0.0": [0, 0, 0],
						"0.25": [-90, 0, 0],
						"0.5": [0, 0, 0],
						"0.75": [90, 0, 0],
						"1.0": [0, 0, 0]
					},
					"position": {
						"0.0": [0, 0, 0],
						"0.25": [0, 1, 0],
						"0.5": [0, 0, 0],
						"0.75": [0, 0, 0],
						"1.0": [0, 0, 0]
					}
				}
			}
		},
		"animation.impostor.sleep": {
			"loop": true,
			"animation_length": 1.75,
			"bones": {
				"body": {
					"position": [0, -6, 0]
				},
				"visor": {
					"position": {
						"0.0": [0, 0, 0],
						"1.25": [0, 2, 0],
						"1.75": [0, 0, 0]
					},
					"scale": {
						"0.0": [1, 1, 1],
						"1.25": [1, 0.833, 1],
						"1.75": [1, 1, 1]
					}
				},
				"legs": {
					"rotation": [-90, 0, 0],
					"position": [0, -3, 0]
				},
				"left_leg": {
					"rotation": [0, 0, 15],
					"position": [-1, -2, 1]
				},
				"right_leg": {
					"rotation": [0, 0, -15],
					"position": [1, -2, 1]
				}
			}
		},
		"animation.impostor.faint": {
			"loop": "hold_on_last_frame",
			"animation_length": 1.5,
			"bones": {
				"body": {
					"rotation": {
						"0.0": [0, 0, 0],
						"0.0833": [0, 0, -45],
						"0.25": [0, 0, 45],
						"0.375": [0, 0, -15],
						"0.5": [0, 0, 7.5],
						"0.5833": [0, 0, 0],
						"0.75": [0, 0, 0],
						"1.5": [-15, 0, 0]
					},
					"position": {
						"0.0": [0, 0, 0],
						"0.25": [0, -1, 0],
						"0.5833": [0, -1, 0],
						"0.7083": [0, -1, 0],
						"1.5": [0, -6, 0]
					}
				},
				"visor": {
					"position": {
						"0.0": [0, 0, 0],
						"0.375": [0, 2, 0],
						"0.75": [0, 2.49, 0],
						"1.5": [0, 6, 0]
					},
					"scale": {
						"0.0": [1, 1, 1],
						"0.125": [1, 1.4, 1],
						"0.25": [1, 1, 1],
						"0.375": [1, 0.7, 1],
						"0.5833": [1, 0.6, 1],
						"0.75": [1, 0.6, 1],
						"1.5": [1, 0.1, 1]
					}
				}
			}
		},
		"animation.impostor.cry": {
			"animation_length": 1.5,
			"bones": {
				"body": {
					"rotation": {
						"0.0": [0, 0, 0],
						"0.25": [-20, 0, 0],
						"0.5": [-30, 0, 0],
						"0.75": [-30, 0, 0],
						"0.8333": [-27.5, 0, 0],
						"1.0": [-31, 0, 0],
						"1.125": [-25.5, 0, 0],
						"1.25": [-30, 0, 0],
						"1.5": [0, 0, 0]
					}
				},
				"visor": {
					"position": {
						"0.0": [0, 0, 0],
						"0.5": [0, -0.5, 0],
						"0.75": [0, -0.5, 0],
						"0.8333": [0, -5, 0],
						"0.9167": [0, -2, 0],
						"1.0": [0, -5, 0],
						"1.0833": [0, -2, 0],
						"1.1667": [0, -5, 0],
						"1.25": [0, -2, 0],
						"1.5": [0, -0.5, 0]
					},
					"scale": {
						"0.0": [1, 1, 1],
						"0.5": [1, 1, 1],
						"0.75": [1, 1, 1],
						"0.8333": [1, 2, 1],
						"0.9167": [1, 1.4, 1],
						"1.0": [1, 2, 1],
						"1.0833": [1, 1.4, 1],
						"1.1667": [1, 2, 1],
						"1.25": [1, 1.4, 1],
						"1.5": [1, 1, 1]
					}
				}
			}
		}
	}
}