{
	"format_version": "1.12.0",
	"minecraft:geometry": [
		{
			"description": {
				"identifier": "geometry.ferroknight",
				"texture_width": 128,
				"texture_height": 128,
				"visible_bounds_width": 3,
				"visible_bounds_height": 3.5,
				"visible_bounds_offset": [0, 1.25, 0]
			},
			"bones": [
				{
					"name": "ferroknight",
					"pivot": [0, 0, 0]
				},
				{
					"name": "chest",
					"parent": "ferroknight",
					"pivot": [0, 18, -2],
					"cubes": [
						{"origin": [-4, 13, -8], "size": [10, 8, 10], "pivot": [0, 17, -2], "rotation": [20.18374, 45.37922, 14.55452], "uv": [0, 0]},
						{"origin": [-4, 11, -7], "size": [8, 6, 8], "pivot": [0, 15, -3], "rotation": [29.51082, 43.07952, 20.75357], "uv": [0, 18]},
						{"origin": [-4, 12, -1], "size": [8, 7, 7], "pivot": [0, 16, 4], "rotation": [-25, 0, 0], "uv": [32, 32]}
					]
				},
				{
					"name": "head",
					"parent": "ferroknight",
					"pivot": [0, 0, -4],
					"cubes": [
						{"origin": [-4, 19, -2], "size": [6, 9, 6], "pivot": [0, 23, 0], "rotation": [-54.73561, 30, -35.26439], "uv": [40, 0]}
					]
				},
				{
					"name": "arm_r",
					"parent": "ferroknight",
					"pivot": [0, -1, -4]
				},
				{
					"name": "limb_ar",
					"parent": "arm_r",
					"pivot": [0, -1, -4],
					"cubes": [
						{"origin": [8, 8, 1], "size": [3, 11, 2], "pivot": [10, 7, 3], "rotation": [0, 0, -15], "uv": [60, 66]}
					]
				},
				{
					"name": "pauldron_r",
					"parent": "arm_r",
					"pivot": [0, -1, -4],
					"cubes": [
						{"origin": [4, 17, -2], "size": [8, 6, 8], "pivot": [8, 19, 0], "rotation": [0, 0, -45], "uv": [0, 32]},
						{"origin": [7, 15, 0], "size": [5, 4, 4], "pivot": [10, 17, 0], "rotation": [0, 0, -45], "uv": [0, 58]},
						{"origin": [6, 20, 2], "size": [4, 8, 4], "pivot": [8, 19, 4], "rotation": [-25, 0, 25], "uv": [18, 58]},
						{"origin": [6, 19, 4], "size": [2, 9, 2], "pivot": [8, 19, 4], "rotation": [-61.7289, 31.54872, 20.52807], "uv": [16, 70]}
					]
				},
				{
					"name": "piston_r",
					"parent": "pauldron_r",
					"pivot": [0, -1, -4],
					"cubes": [
						{"origin": [7, 22, 3], "size": [2, 8, 2], "pivot": [8, 19, 4], "rotation": [-25, 0, 25], "uv": [32, 70]},
						{"origin": [6, 29, 2], "size": [4, 2, 4], "pivot": [8, 19, 4], "rotation": [-25, 0, 25], "uv": [64, 25]}
					]
				},
				{
					"name": "arm_l",
					"parent": "ferroknight",
					"pivot": [0, -1, -4]
				},
				{
					"name": "limb_al",
					"parent": "arm_l",
					"pivot": [-2, -1, -4],
					"cubes": [
						{"origin": [-11, 8, 1], "size": [3, 11, 2], "pivot": [-10, 7, 3], "rotation": [0, 0, 15], "uv": [50, 66]}
					]
				},
				{
					"name": "pauldron_l",
					"parent": "arm_l",
					"pivot": [0, -1, -4],
					"cubes": [
						{"origin": [-12, 17, -2], "size": [8, 6, 8], "pivot": [-8, 19, 0], "rotation": [0, 0, 45], "uv": [32, 18]},
						{"origin": [-12, 15, 0], "size": [5, 4, 4], "pivot": [-10, 17, 0], "rotation": [0, 0, 45], "uv": [50, 58]},
						{"origin": [-10, 20, 2], "size": [4, 8, 4], "pivot": [-8, 19, 4], "rotation": [-25, 0, -25], "uv": [34, 58]},
						{"origin": [-8, 19, 4], "size": [2, 9, 2], "pivot": [-8, 19, 4], "rotation": [-61.7289, -31.54872, -20.52807], "uv": [68, 45]}
					]
				},
				{
					"name": "piston_l",
					"parent": "pauldron_l",
					"pivot": [0, -1, -4],
					"cubes": [
						{"origin": [-9, 21, 3], "size": [2, 8, 2], "pivot": [-8, 19, 4], "rotation": [-25, 0, -25], "uv": [40, 70]},
						{"origin": [-10, 29, 2], "size": [4, 2, 4], "pivot": [-8, 19, 4], "rotation": [-25, 0, -25], "uv": [0, 68]}
					]
				},
				{
					"name": "legs",
					"parent": "ferroknight",
					"pivot": [0, 0, 0]
				},
				{
					"name": "leg_l",
					"parent": "legs",
					"pivot": [0, 0, 0],
					"cubes": [
						{"origin": [-4, 0, 0], "size": [2, 8, 2], "pivot": [-2, 0, 2], "rotation": [0, 0, -15], "uv": [68, 56]}
					]
				},
				{
					"name": "leg_armor_l",
					"parent": "leg_l",
					"pivot": [0, 0, 0],
					"cubes": [
						{"origin": [-8, 6, -2], "size": [6, 6, 6], "pivot": [-4, 6, 0], "rotation": [0, 45, 10], "uv": [0, 46]}
					]
				},
				{
					"name": "leg_r",
					"parent": "legs",
					"pivot": [0, 0, 0],
					"cubes": [
						{"origin": [2, 0, 0], "size": [2, 8, 2], "pivot": [2, 0, 2], "rotation": [0, 0, 15], "uv": [24, 70]}
					]
				},
				{
					"name": "leg_armor_r",
					"parent": "leg_r",
					"pivot": [0, 0, 0],
					"cubes": [
						{"origin": [0, 6, -2], "size": [6, 6, 6], "pivot": [4, 6, 0], "rotation": [0, 45, -10], "uv": [24, 46]}
					]
				},
				{
					"name": "armor_r",
					"parent": "legs",
					"pivot": [0, 0, 0],
					"cubes": [
						{"origin": [4, 3, -4], "size": [4, 11, 2], "pivot": [6, 2, -4], "rotation": [-11.61036, -41.88087, -3.4001], "uv": [64, 0]}
					]
				},
				{
					"name": "armor_l",
					"parent": "legs",
					"pivot": [0, 0, 0],
					"cubes": [
						{"origin": [-8, 3, -4], "size": [4, 11, 2], "pivot": [-6, 2, -4], "rotation": [-11.61036, 41.88087, 3.4001], "uv": [62, 32]}
					]
				},
				{
					"name": "armor_back",
					"parent": "legs",
					"pivot": [0, 2, 12],
					"rotation": [15, 0, 0],
					"cubes": [
						{"origin": [-4, 4, 6], "size": [8, 10, 2], "pivot": [0, 4, 6], "rotation": [-7.5, 0, 0], "uv": [48, 46]}
					]
				},
				{
					"name": "armor_center",
					"parent": "legs",
					"pivot": [0, 0, 0],
					"cubes": [
						{"origin": [-2, 2, -6], "size": [4, 10, 2], "pivot": [0, 2, -6], "rotation": [-7.5, 0, 0], "uv": [64, 13]}
					]
				}
			]
		}
	]
}