{
  "species": "cobblemon:pyrate",
  "order": 0,
  "variations": [
    {
      "aspects": [],
      "poser": "cobblemon:pyrate",
      "model": "cobblemon:pyrate.geo",
      "texture": "cobblemon:textures/pokemon/pyrate/pyrate.png",
      "layers": []
    },
    {
      "aspects": [
        "shiny"
      ],
      "texture": "cobblemon:textures/pokemon/pyrate/pyrate_shiny.png"
    },
    {
      "aspects": [
        "privateer"
      ],
	    "model": "cobblemon:pyrateprivateer.geo",
      "texture": "cobblemon:textures/pokemon/pyrate/pyrate_privateer.png"
    },
    {
      "aspects": [
        "privateer",
        "shiny"
      ],
	    "model": "cobblemon:pyrateprivateer.geo",
      "texture": "cobblemon:textures/pokemon/pyrate/pyrate_privateer_shiny.png"
    }
  ]
}