{
	"format_version": "1.8.0",
	"animations": {
		"animation.amogus.ground_idle": {
			"loop": true,
			"animation_length": 0.625,
			"bones": {
				"visor": {
					"position": {
						"0.0833": [0, 0, 0],
						"0.3333": [0, -0.5, 0],
						"0.625": [0, 0, 0]
					}
				},
				"body": {
					"position": {
						"0.0": [0, 0, 0],
						"0.25": [0, -0.5, 0],
						"0.5": [0, 0, 0]
					}
				}
			}
		},
		"animation.amogus.battle_idle": {
			"loop": true,
			"animation_length": 0.625,
			"bones": {
				"visor": {
					"position": {
						"0.0833": [0, 0, 0],
						"0.3333": [0, -0.5, 0],
						"0.625": [0, 0, 0]
					}
				},
				"body": {
					"position": {
						"0.0": [0, 0, 0],
						"0.25": [0, -0.5, 0],
						"0.5": [0, 0, 0]
					}
				}
			}
		},
		"animation.amogus.air_fly": {
			"loop": true,
			"animation_length": 0.625,
			"bones": {
				"visor": {
					"position": {
						"0.0833": [0, 0, 0],
						"0.3333": [0, -0.5, 0],
						"0.625": [0, 0, 0]
					}
				},
				"body": {
					"position": {
						"0.0": [0, 0, 0],
						"0.25": [0, -0.5, 0],
						"0.5": [0, 0, 0]
					}
				}
			}
		},
		"animation.amogus.water_swim": {
			"loop": true,
			"animation_length": 1,
			"bones": {
				"body": {
					"position": {
						"0.0": [0, 0, 0],
						"0.25": [0, -0.3, 0],
						"0.5": [0, 0, 0],
						"0.75": [0, -0.3, 0],
						"1.0": [0, 0, 0]
					}
				},
				"left_leg": {
					"rotation": {
						"0.0": [0, 0, 0],
						"0.25": [-87.5, 0, 0],
						"0.5": [2.5, 0, 0],
						"0.75": [90, 0, 0],
						"1.0": [2.5, 0, 0]
					}
				},
				"right_leg": {
					"rotation": {
						"0.0": [0, 0, 0],
						"0.25": [90, 0, 0],
						"0.5": [2.5, 0, 0],
						"0.75": [-87.5, 0, 0],
						"1.0": [2.5, 0, 0]
					}
				}
			}
		},
		"animation.amogus.ground_walk": {
			"loop": true,
			"animation_length": 1,
			"bones": {
				"body": {
					"position": {
						"0.0": [0, 0, 0],
						"0.25": [0, -0.3, 0],
						"0.5": [0, 0, 0],
						"0.75": [0, -0.3, 0],
						"1.0": [0, 0, 0]
					}
				},
				"left_leg": {
					"rotation": {
						"0.0": [0, 0, 0],
						"0.25": [-87.5, 0, 0],
						"0.5": [2.5, 0, 0],
						"0.75": [90, 0, 0],
						"1.0": [2.5, 0, 0]
					}
				},
				"right_leg": {
					"rotation": {
						"0.0": [0, 0, 0],
						"0.25": [90, 0, 0],
						"0.5": [2.5, 0, 0],
						"0.75": [-87.5, 0, 0],
						"1.0": [2.5, 0, 0]
					}
				}
			}
		},
		"animation.amogus.sleep": {
			"loop": true,
			"animation_length": 2,
			"bones": {
				"left_leg": {
					"rotation": [-90, -25, 0],
					"position": [-0.1, -3, 0]
				},
				"right_leg": {
					"rotation": [-90, 25, 0],
					"position": [-0.1, -3, 0]
				},
				"visor": {
					"position": {
						"0.0": [0, -4, 0],
						"1.0": [0, -3.8, 0],
						"2.0": [0, -4, 0]
					}
				},
				"body": {
					"position": [0, -4, 0]
				}
			}
		},
		"animation.amogus.faint": {
			"loop": "hold_on_last_frame",
			"animation_length": 5,
			"bones": {
				"left_leg": {
					"position": [-0.1, 0, 0]
				},
				"right_leg": {
					"position": [0.1, 0, 0]
				},
				"visor": {
					"position": {
						"0.0": [0, 0, 0],
						"1.0": [0, -6, 0]
					},
					"scale": {
						"0.0": [1, 1, 1],
						"1.0": [1, 0.2, 1]
					}
				},
				"body": {
					"position": {
						"0.0": [0, 0, 0],
						"1.0": [0, -4, 0]
					}
				}
			}
		},
		"animation.amogus.cry": {
			"animation_length": 1,
			"bones": {
				"visor": {
					"position": {
						"0.0": [0, 0, 0],
						"0.1667": [0, 4, 0],
						"0.3333": [0, 0, 0],
						"0.5": [0, 4, 0],
						"0.6667": [0, 0, 0],
						"0.8333": [0, 4, 0],
						"1.0": [0, 0, 0]
					},
					"scale": {
						"0.0": [1, 1, 1],
						"0.1667": [1, 2, 1],
						"0.3333": [1, 1, 1],
						"0.5": [1, 2, 1],
						"0.6667": [1, 1, 1],
						"0.8333": [1, 2, 1],
						"1.0": [1, 1, 1]
					}
				}
			}
		},
		"animation.amogus.water_idle": {
			"loop": true,
			"animation_length": 0.5,
			"bones": {
				"visor": {
					"position": {
						"0.0": [0, 0, 0],
						"0.125": [0, -0.3, 0],
						"0.375": [0, 0, 0]
					}
				},
				"body": {
					"position": {
						"0.0": [0, 0, 0],
						"0.25": [0, -0.3, 0],
						"0.5": [0, 0, 0]
					}
				}
			}
		},
		"animation.amogus.air_idle": {
			"loop": true,
			"animation_length": 0.625,
			"bones": {
				"visor": {
					"position": {
						"0.0833": [0, 0, 0],
						"0.3333": [0, -0.5, 0],
						"0.625": [0, 0, 0]
					}
				},
				"body": {
					"position": {
						"0.0": [0, 0, 0],
						"0.25": [0, -0.5, 0],
						"0.5": [0, 0, 0]
					}
				}
			}
		}
	}
}