{
	"format_version": "1.8.0",
	"animations": {
		"animation.ferroknight.ground_idle": {
			"loop": true,
			"animation_length": 1.25,
			"bones": {
				"piston_l": {
					"position": {
						"0.0": [0, 0, 0],
						"0.0417": [-1, 2, 1],
						"0.5417": {"pre": [-1, 2, 1], "post": [-1, 2, 1]},
						"0.625": {"pre": [-1, 2, 1], "post": [0, 0, 0]}
					}
				},
				"chest": {
					"rotation": {
						"0.0": [0, 0, 0],
						"0.625": [5, 0, 0],
						"1.25": [0, 0, 0]
					},
					"position": {
						"0.0": [0, 0, 0],
						"0.625": [0, -1.98481, 0.17365],
						"1.25": [0, 0, 0]
					}
				},
				"head": {
					"rotation": {
						"0.0": [0, 0, 0],
						"0.625": [-7.5, 0, 0],
						"1.25": [0, 0, 0]
					},
					"position": {
						"0.0": [0, 0, 0],
						"0.625": [0, -0.7475, -1.85236],
						"1.25": [0, 0, 0]
					}
				},
				"arm_r": {
					"position": {
						"0.0": [0, 0, 0],
						"0.625": [0, -2, 0],
						"1.25": [0, 0, 0]
					}
				},
				"limb_ar": {
					"position": {
						"0.0": [0, 0, 0],
						"0.625": [0, 1, 0],
						"1.25": [0, 0, 0]
					}
				},
				"piston_r": {
					"position": {
						"0.0": [0, 0, 0],
						"0.0417": [1, 2, 1],
						"0.5417": {"pre": [1, 2, 1], "post": [1, 2, 1]},
						"0.625": {"pre": [1, 2, 1], "post": [0, 0, 0]}
					}
				},
				"arm_l": {
					"position": {
						"0.0": [0, 0, 0],
						"0.625": [0, -2, 0],
						"1.25": [0, 0, 0]
					}
				},
				"limb_al": {
					"position": {
						"0.0": [0, 0, 0],
						"0.625": [0, 1, 0],
						"1.25": [0, 0, 0]
					}
				},
				"armor_r": {
					"rotation": {
						"0.0": [0, 0, 0],
						"0.4583": {
							"pre": [0, 0, 0],
							"post": [0, 0, 0],
							"lerp_mode": "catmullrom"
						},
						"0.75": {
							"post": [-12.5, 0, 0],
							"lerp_mode": "catmullrom"
						},
						"0.9583": {
							"post": [-12.5, 0, 0],
							"lerp_mode": "catmullrom"
						},
						"1.25": {
							"post": [0, 0, 0],
							"lerp_mode": "catmullrom"
						}
					},
					"position": {
						"0.0": [0, 0, 0],
						"0.4583": {
							"pre": [0, 0, 0],
							"post": [0, 0, 0],
							"lerp_mode": "catmullrom"
						},
						"0.75": {
							"post": [0, 0.43288, -1.95259],
							"lerp_mode": "catmullrom"
						},
						"0.9583": {
							"post": [0, 0.43288, -1.95259],
							"lerp_mode": "catmullrom"
						},
						"1.25": {
							"post": [0, 0, 0],
							"lerp_mode": "catmullrom"
						}
					}
				},
				"armor_l": {
					"rotation": {
						"0.0": [0, 0, 0],
						"0.125": {
							"pre": [0, 0, 0],
							"post": [0, 0, 0],
							"lerp_mode": "catmullrom"
						},
						"0.4167": {
							"post": [-17.5, 0, 0],
							"lerp_mode": "catmullrom"
						},
						"0.625": {
							"post": [-17.5, 0, 0],
							"lerp_mode": "catmullrom"
						},
						"0.9167": {
							"post": [0, 0, 0],
							"lerp_mode": "catmullrom"
						}
					},
					"position": {
						"0.0": [0, 0, 0],
						"0.125": {
							"pre": [0, 0, 0],
							"post": [0, 0, 0],
							"lerp_mode": "catmullrom"
						},
						"0.4167": {
							"post": [0, 0.90212, -2.86115],
							"lerp_mode": "catmullrom"
						},
						"0.625": {
							"post": [0, 0.90212, -2.86115],
							"lerp_mode": "catmullrom"
						},
						"0.9167": {
							"post": [0, 0, 0],
							"lerp_mode": "catmullrom"
						}
					}
				},
				"armor_back": {
					"rotation": {
						"0.0": {
							"post": [0, 0, 0],
							"lerp_mode": "catmullrom"
						},
						"0.625": {
							"post": [12.5, 0, 0],
							"lerp_mode": "catmullrom"
						},
						"1.25": {
							"post": [0, 0, 0],
							"lerp_mode": "catmullrom"
						}
					},
					"position": {
						"0.0": {
							"post": [0, 0, 0],
							"lerp_mode": "catmullrom"
						},
						"0.625": {
							"post": [0, 0.9235, 1.77402],
							"lerp_mode": "catmullrom"
						},
						"1.25": {
							"post": [0, 0, 0],
							"lerp_mode": "catmullrom"
						}
					}
				},
				"armor_center": {
					"rotation": {
						"0.0": [0, 0, 0],
						"0.2917": {
							"pre": [0, 0, 0],
							"post": [0, 0, 0],
							"lerp_mode": "catmullrom"
						},
						"0.5833": {
							"post": [-12.5, 0, 0],
							"lerp_mode": "catmullrom"
						},
						"0.7917": {
							"post": [-12.5, 0, 0],
							"lerp_mode": "catmullrom"
						},
						"1.0833": {
							"post": [0, 0, 0],
							"lerp_mode": "catmullrom"
						}
					},
					"position": {
						"0.0": [0, 0, 0],
						"0.2917": {
							"pre": [0, 0, 0],
							"post": [0, 0, 0],
							"lerp_mode": "catmullrom"
						},
						"0.5833": {
							"post": [0, 0.43288, -1.95259],
							"lerp_mode": "catmullrom"
						},
						"0.7917": {
							"post": [0, 0.43288, -1.95259],
							"lerp_mode": "catmullrom"
						},
						"1.0833": {
							"post": [0, 0, 0],
							"lerp_mode": "catmullrom"
						}
					}
				},
				"leg_armor_r": {
					"rotation": {
						"0.0": [0, 0, 0],
						"0.625": [0, 0, -10],
						"1.25": [0, 0, 0]
					},
					"position": {
						"0.0": [0, 0, 0],
						"0.625": [1.15846, -1.81116, 0],
						"1.25": [0, 0, 0]
					}
				},
				"leg_armor_l": {
					"rotation": {
						"0.0": [0, 0, 0],
						"0.625": [0, 0, 10],
						"1.25": [0, 0, 0]
					},
					"position": {
						"0.0": [0, 0, 0],
						"0.625": [-1.15846, -1.81116, 0],
						"1.25": [0, 0, 0]
					}
				}
			}
		},
		"animation.ferroknight.faint": {
			"loop": "hold_on_last_frame",
			"animation_length": 1.5833,
			"bones": {
				"chest": {
					"rotation": {
						"0.5833": [0, 0, 0],
						"0.875": [15, 0, 0]
					},
					"position": {
						"0.5833": [0, 0, 0],
						"0.875": [0, -10, -1]
					}
				},
				"head": {
					"rotation": {
						"0.5833": [0, 0, 0],
						"0.9167": [-45, 0, 0]
					},
					"position": {
						"0.5833": [0, 0, 0],
						"0.9167": [0, 1, -15]
					}
				},
				"arm_r": {
					"rotation": {
						"0.0": [0, 0, 0],
						"0.625": {
							"pre": [0, 0, 0],
							"post": [0, 0, 0],
							"lerp_mode": "catmullrom"
						},
						"1.0": {
							"post": [90, 0, 0],
							"lerp_mode": "catmullrom"
						}
					},
					"position": {
						"0.0": [0, 0, 0],
						"0.625": {
							"pre": [0, 0, 0],
							"post": [0, 0, 0],
							"lerp_mode": "catmullrom"
						},
						"1.0": {
							"post": [0, -1, 25],
							"lerp_mode": "catmullrom"
						}
					}
				},
				"piston_r": {
					"position": {
						"0.0": [0, 0, 0],
						"1.25": [0, 0, 0],
						"1.3333": [1, 2, 1]
					}
				},
				"arm_l": {
					"rotation": {
						"0.0": [0, 0, 0],
						"0.4583": {
							"pre": [0, 0, 0],
							"post": [0, 0, 0],
							"lerp_mode": "catmullrom"
						},
						"0.8333": {
							"post": [90, 0, 0],
							"lerp_mode": "catmullrom"
						}
					},
					"position": {
						"0.0": [0, 0, 0],
						"0.4583": {
							"pre": [0, 0, 0],
							"post": [0, 0, 0],
							"lerp_mode": "catmullrom"
						},
						"0.8333": {
							"post": [0, -1, 28],
							"lerp_mode": "catmullrom"
						}
					}
				},
				"limb_al": {
					"scale": 1
				},
				"piston_l": {
					"position": {
						"0.0": [0, 0, 0],
						"1.25": [0, 0, 0],
						"1.3333": [-1, 2, 1]
					}
				},
				"armor_r": {
					"rotation": {
						"0.375": [0, 0, 0],
						"0.6667": [80.894, -22.1808, 56.74758]
					},
					"position": {
						"0.375": [0, 0, 0],
						"0.6667": [4, 7, -2]
					}
				},
				"armor_l": {
					"rotation": {
						"0.0": [0, 0, 0],
						"0.2917": [105, 30, -25]
					},
					"position": {
						"0.0": [0, 0, 0],
						"0.2917": [-0.97155, 7.63994, -2.66818]
					}
				},
				"armor_back": {
					"rotation": {
						"0.25": [0, 0, 0],
						"0.5833": [-100, 0, 0]
					},
					"position": {
						"0.25": [0, 0, 0],
						"0.5833": [0, -6, -7]
					}
				},
				"armor_center": {
					"rotation": {
						"0.1667": [0, 0, 0],
						"0.4583": [102.5, 0, 0]
					},
					"position": {
						"0.1667": [0, 0, 0],
						"0.4583": [0, 5.49968, -3.48212]
					}
				},
				"leg_armor_l": {
					"rotation": {
						"0.625": [0, 0, 0],
						"0.8333": [-60, 0, 0]
					},
					"position": {
						"0.625": [0, 0, 0],
						"0.8333": [-1, 0, 0]
					}
				},
				"leg_armor_r": {
					"rotation": {
						"0.625": [0, 0, 0],
						"0.8333": [-60, 0, 0]
					},
					"position": {
						"0.625": [0, 0, 0],
						"0.8333": [1, 0, 0]
					}
				}
			}
		},
		"animation.ferroknight.ground_walk": {
			"loop": true,
			"animation_length": 2,
			"bones": {
				"chest": {
					"rotation": {
						"0.0": [0, 0, 0],
						"0.8333": [-15, 0, 0],
						"0.9167": [0, 0, 0],
						"1.25": [0, 0, 0],
						"1.8333": [-15, 0, 0],
						"1.9167": [0, 0, 0]
					},
					"position": {
						"0.0": [0, 0, 0],
						"0.7083": [0, 2, 1],
						"0.8333": [0, -1, 1],
						"0.9167": [0, 0.5, 0],
						"1.0": [0, 0, 0],
						"1.7083": [0, 2, 1],
						"1.8333": [0, -1, 1],
						"1.9167": [0, 0.5, 0],
						"2.0": [0, 0, 0]
					}
				},
				"head": {
					"rotation": {
						"0.0": [0, 0, 0],
						"0.5": [-2.5, 0, 0],
						"0.625": [0, 0, 0],
						"1.0": [0, 0, 0],
						"1.5": [-2.5, 0, 0],
						"1.625": [0, 0, 0]
					},
					"position": {
						"0.0": [0, 0, 0],
						"0.5": [0, 0.99905, 0.04362],
						"0.625": [0, 0, 0],
						"1.0": [0, 0, 0],
						"1.5": [0, 0.99905, 0.04362],
						"1.625": [0, 0, 0]
					}
				},
				"arm_r": {
					"rotation": {
						"1.0": [0, 0, 0],
						"1.5": [0, 0, -12.5],
						"1.7083": [0, 0, 0]
					},
					"position": {
						"1.0": [0, 0, 0],
						"1.5": [5, 0, 0],
						"1.7083": [0, 0, 0]
					}
				},
				"limb_ar": {
					"rotation": {
						"1.0": [0, 0, 0],
						"1.5": [0, 0, 5],
						"1.7083": [0, 0, 0]
					},
					"position": {
						"1.0": [0, 0, 0],
						"1.5": [-0.9763, 0.21644, 0],
						"1.7083": [0, 0, 0]
					}
				},
				"piston_r": {
					"position": {
						"1.0": [0, 0, 0],
						"1.5": [1, 2, 1],
						"1.625": [0, 0, 0]
					}
				},
				"arm_l": {
					"rotation": {
						"0.0": [0, 0, 0],
						"0.5": [0, 0, 12.5],
						"0.7083": [0, 0, 0]
					},
					"position": {
						"0.0": [0, 0, 0],
						"0.5": [-5, 0, 0],
						"0.7083": [0, 0, 0]
					}
				},
				"limb_al": {
					"rotation": {
						"0.0": [0, 0, 0],
						"0.5": [0, 0, -5],
						"0.7083": [0, 0, 0]
					},
					"position": {
						"0.0": [0, 0, 0],
						"0.5": [0.9763, 0.21644, 0],
						"0.7083": [0, 0, 0]
					}
				},
				"piston_l": {
					"position": {
						"0.0": [0, 0, 0],
						"0.5": [-1, 2, 1],
						"0.625": [0, 0, 0]
					}
				},
				"leg_l": {
					"rotation": {
						"0.0": [0, 0, 0],
						"1.0": [0, 0, 0],
						"1.75": [0, 0, 15],
						"1.8333": [0, 0, 0]
					},
					"position": {
						"0.0": [0, 0, -3],
						"0.5": [0, 0, 0],
						"1.0": [0, 0, 0.5],
						"1.25": [-1, 2, 0],
						"1.5": [-1, 2, 0],
						"1.75": [-2, 1.5, -2],
						"1.8333": [0, 0, -3]
					}
				},
				"leg_r": {
					"rotation": {
						"0.0": [0, 0, 0],
						"0.75": [0, 0, -15],
						"0.8333": [0, 0, 0],
						"1.0": [0, 0, 0]
					},
					"position": {
						"0.0": [0, 0, 0.5],
						"0.25": [1, 2, 0],
						"0.5": [1, 2, 0],
						"0.75": [2, 1.5, -2],
						"0.8333": [0, 0, -3],
						"1.0": [0, 0, -3],
						"1.5": [0, 0, 0],
						"2.0": [0, 0, 0.5]
					}
				},
				"armor_r": {
					"rotation": {
						"0.0": [0, 0, 0],
						"0.5": [-10, -7.5, 0],
						"0.75": [0, 0, 0]
					},
					"position": {
						"0.0": [0, 0, 0],
						"0.5": [0.23442, 1.3321, -1.7806],
						"0.75": [0, 0, 0]
					}
				},
				"armor_l": {
					"rotation": {
						"1.0": [0, 0, 0],
						"1.5": [-7.5, 10, 0],
						"1.75": [0, 0, 0]
					},
					"position": {
						"1.0": [0, 0, 0],
						"1.5": [-0.32166, 1.2525, -1.82422],
						"1.75": [0, 0, 0]
					}
				},
				"armor_back": {
					"rotation": {
						"0.0": [0, 0, 0],
						"0.5": [10, 0, 0],
						"0.7083": [0, 0, 0],
						"1.0": [0, 0, 0],
						"1.5": [10, 0, 0],
						"1.7083": [0, 0, 0]
					},
					"position": {
						"0.0": [0, 0, 0],
						"0.5": [0, 1.75154, 1.39],
						"0.7083": [0, 0, 0],
						"1.0": [0, 0, 0],
						"1.5": [0, 1.75154, 1.39],
						"1.7083": [0, 0, 0]
					}
				},
				"armor_center": {
					"rotation": {
						"0.0": [0, 0, 0],
						"0.5": [-7.5, 0, 0],
						"0.75": [0, 0, 0],
						"1.0": [0, 0, 0],
						"1.5": [-7.5, 0, 0],
						"1.75": [0, 0, 0]
					},
					"position": {
						"0.0": [0, 0, 0],
						"0.5": [0, 1.2525, -1.85236],
						"0.75": [0, 0, 0],
						"1.0": [0, 0, 0],
						"1.5": [0, 1.2525, -1.85236],
						"1.75": [0, 0, 0]
					}
				}
			}
		}
	}
}