{
	"format_version": "1.12.0",
	"minecraft:geometry": [
		{
			"description": {
				"identifier": "geometry.brassimian",
				"texture_width": 64,
				"texture_height": 64,
				"visible_bounds_width": 4,
				"visible_bounds_height": 3.5,
				"visible_bounds_offset": [0, 1.25, 0]
			},
			"bones": [
				{
					"name": "probrasscis",
					"pivot": [0, 0, 0]
				},
				{
					"name": "whole",
					"parent": "probrasscis",
					"pivot": [0, 10.15, -2]
				},
				{
					"name": "legs",
					"parent": "whole",
					"pivot": [0, 9.15, 3.25]
				},
				{
					"name": "leg_left",
					"parent": "legs",
					"pivot": [1.125, 8.9, 2.5],
					"cubes": [
						{"origin": [1, 8.4, 2], "size": [4, 1, 1], "uv": [44, 28]},
						{"origin": [4.75, 7.9, 1.5], "size": [1, 2, 2], "uv": [0, 47]}
					]
				},
				{
					"name": "leg_left_2",
					"parent": "leg_left",
					"pivot": [5.75, 8.9, 2.5],
					"cubes": [
						{"origin": [5.75, 8.4, 1.5], "size": [4, 1, 2], "pivot": [7.75, 8.9, 2.5], "rotation": [90, 0, 0], "uv": [40, 40]}
					]
				},
				{
					"name": "foot_left",
					"parent": "leg_left_2",
					"pivot": [10.25, 8.9, 2.5],
					"cubes": [
						{"origin": [9.75, 8.4, 2], "size": [1, 3, 1], "pivot": [10.25, 8.9, 2.5], "rotation": [90, 0, 0], "uv": [18, 48]}
					]
				},
				{
					"name": "leg_right",
					"parent": "legs",
					"pivot": [-1.125, 8.9, 2.5],
					"cubes": [
						{"origin": [-5, 8.4, 2], "size": [4, 1, 1], "uv": [44, 30]},
						{"origin": [-5.75, 7.9, 1.5], "size": [1, 2, 2], "uv": [48, 0]}
					]
				},
				{
					"name": "leg_right_2",
					"parent": "leg_right",
					"pivot": [-5.75, 8.9, 2.5],
					"cubes": [
						{"origin": [-9.75, 8.4, 1.5], "size": [4, 1, 2], "pivot": [-7.75, 8.9, 2.5], "rotation": [90, 0, 0], "uv": [22, 41]}
					]
				},
				{
					"name": "foot_right",
					"parent": "leg_right_2",
					"pivot": [-10.25, 8.9, 2.5],
					"cubes": [
						{"origin": [-10.75, 8.4, 2], "size": [1, 3, 1], "pivot": [-10.25, 8.9, 2.5], "rotation": [90, 0, 0], "uv": [48, 20]}
					]
				},
				{
					"name": "not_legs",
					"parent": "whole",
					"pivot": [0, 9.15, 3]
				},
				{
					"name": "head",
					"parent": "not_legs",
					"pivot": [0, 11.9, -4.25],
					"cubes": [
						{"origin": [-2.5, 10.15, -8.25], "size": [5, 4, 4], "uv": [0, 0]},
						{"origin": [-2, 9.4, -7.75], "size": [4, 2, 4], "uv": [30, 8]},
						{"origin": [-1.5, 8.9, -6.75], "size": [3, 1, 4], "uv": [14, 34]}
					]
				},
				{
					"name": "face",
					"parent": "head",
					"pivot": [0, 11.9, -4.25],
					"cubes": [
						{"origin": [-2, 10.4, -8.75], "size": [4, 3, 1], "uv": [0, 43]}
					]
				},
				{
					"name": "nose",
					"parent": "face",
					"pivot": [0, 11.9, -4.25],
					"cubes": [
						{"origin": [-1, 10.65, -9.25], "size": [2, 2, 1], "pivot": [0, 11.65, -8.75], "rotation": [-30, 0, 0], "uv": [12, 48]}
					]
				},
				{
					"name": "eyes",
					"parent": "face",
					"pivot": [0, 11.9, -4.25],
					"cubes": [
						{"origin": [-3.25, 11.15, -9], "size": [2, 2, 2], "uv": [32, 45]},
						{"origin": [-3, 11.9, -9.01], "size": [1, 1, 0], "uv": [48, 45]},
						{"origin": [1.5, 11.9, -9.01], "size": [1, 1, 0], "uv": [48, 45]},
						{"origin": [1.25, 11.15, -9], "size": [2, 2, 2], "uv": [40, 45]}
					]
				},
				{
					"name": "antennae",
					"parent": "head",
					"pivot": [-1.77168, 13.70438, -5.25],
					"rotation": [-34.45992, 62.17154, 20.31645],
					"cubes": [
						{"origin": [-4, 12.9, -5.75], "size": [2, 1, 1], "uv": [34, 41]},
						{"origin": [-5.75, 12.9, -5.75], "size": [2, 1, 1], "pivot": [-3.75, 13.4, -4.75], "rotation": [0, 0, 37.5], "uv": [46, 43]}
					]
				},
				{
					"name": "antennae_2",
					"parent": "head",
					"pivot": [1.77168, 13.70438, -5.25],
					"rotation": [-34.45992, -62.17154, -20.31645],
					"cubes": [
						{"origin": [2, 12.9, -5.75], "size": [2, 1, 1], "uv": [48, 4]},
						{"origin": [3.75, 12.9, -5.75], "size": [2, 1, 1], "pivot": [3.75, 13.4, -4.75], "rotation": [0, 0, -37.5], "uv": [22, 48]}
					]
				},
				{
					"name": "sousa",
					"parent": "not_legs",
					"pivot": [0, 9.73333, -0.16667],
					"cubes": [
						{"origin": [-3, 7.15, -4.2], "size": [6, 6, 2], "uv": [14, 18]},
						{"origin": [-0.4, 6.25, -3.2], "size": [1, 6, 6], "pivot": [0.15711, 7.75, -0.20711], "rotation": [-2.5, -45, 0], "uv": [0, 8]},
						{"origin": [-1.35, 7.25, -2.65], "size": [2, 5, 5], "pivot": [0.20711, 7.75, 0.34289], "rotation": [-2.5, -45, 0], "uv": [0, 20]},
						{"origin": [-0.5, 6.98333, -5.16667], "size": [1, 2, 2], "uv": [46, 9]},
						{"origin": [-0.5, 7.23333, -7.16667], "size": [1, 1, 2], "uv": [6, 48]},
						{"origin": [-1, 7.48333, -7.66667], "size": [2, 1, 1], "uv": [22, 39]}
					]
				},
				{
					"name": "tube",
					"parent": "sousa",
					"pivot": [0, 9.73333, -0.16667],
					"cubes": [
						{"origin": [-1, 11.48333, -0.78269], "size": [2, 2, 4], "pivot": [0, 12.48333, 1.21731], "rotation": [-40, 0, 0], "uv": [28, 35]},
						{"origin": [-1.5, 13.78333, -2.88269], "size": [3, 3, 4], "pivot": [0.5, 14.78333, -0.88269], "rotation": [-65, 0, 0], "uv": [30, 21]},
						{"origin": [-1.5, 16.16636, -4.3113], "size": [3, 3, 4], "pivot": [0, 17.66636, -2.3113], "rotation": [-45, 0, 0], "uv": [30, 28]}
					]
				},
				{
					"name": "bell",
					"parent": "tube",
					"pivot": [0, 19.17858, -3.93038],
					"rotation": [22.5, 0, 0],
					"cubes": [
						{"origin": [-3, 16.25688, -5.19903], "size": [6, 6, 2], "pivot": [-0.5, 18.75688, -4.19903], "rotation": [-32.5, 0, 0], "uv": [14, 26]}
					]
				},
				{
					"name": "flare",
					"parent": "bell",
					"pivot": [0, 19.86892, -4.83342],
					"cubes": [
						{"origin": [-3.5, 15.36892, -5.33342], "size": [7, 9, 1], "pivot": [0, 19.86892, -4.83342], "rotation": [-32.5, 0, 0], "uv": [14, 8]},
						{"origin": [3.5, 16.36892, -5.33342], "size": [1, 7, 1], "pivot": [7, 19.86892, -4.83342], "rotation": [-32.5, 0, 0], "uv": [44, 20]},
						{"origin": [-4.5, 16.36892, -5.33342], "size": [1, 7, 1], "pivot": [-1, 19.86892, -4.83342], "rotation": [-32.5, 0, 0], "uv": [28, 44]}
					]
				},
				{
					"name": "body",
					"parent": "not_legs",
					"pivot": [0, 9.15, 0],
					"cubes": [
						{"origin": [-1.5, 8.15, -0.5], "size": [3, 3, 1], "uv": [20, 44]},
						{"origin": [-2, 7.9, -4.5], "size": [4, 4, 4], "uv": [18, 0]}
					]
				},
				{
					"name": "abdomen",
					"parent": "body",
					"pivot": [0, 10.65, 1.5],
					"cubes": [
						{"origin": [-1.5, 7.65, 0.5], "size": [3, 4, 4], "uv": [0, 30]},
						{"origin": [-2.5, 7.15, 1.5], "size": [5, 5, 2], "uv": [30, 14]}
					]
				},
				{
					"name": "tail",
					"parent": "abdomen",
					"pivot": [0, 11.15, 4.25],
					"cubes": [
						{"origin": [-1, 10.65, 4.25], "size": [2, 1, 4], "uv": [35, 1]}
					]
				},
				{
					"name": "tail_2",
					"parent": "tail",
					"pivot": [0, 11.15, 7.75],
					"cubes": [
						{"origin": [-1, 10.45, 7.75], "size": [2, 1, 4], "uv": [0, 38]}
					]
				},
				{
					"name": "tail_3",
					"parent": "tail_2",
					"pivot": [0, 11.15, 11.25],
					"cubes": [
						{"origin": [-1, 10.25, 11.05], "size": [2, 1, 3], "uv": [10, 44]}
					]
				},
				{
					"name": "arms",
					"parent": "body",
					"pivot": [0, 10.15, -2]
				},
				{
					"name": "arm_left",
					"parent": "arms",
					"pivot": [2, 10.15, -2],
					"cubes": [
						{"origin": [1.25, 9.4, -2], "size": [5, 1, 1], "uv": [34, 6]},
						{"origin": [5.5, 9.9, -2.01], "size": [1, 1, 1], "uv": [48, 24]}
					]
				},
				{
					"name": "arm_left_2",
					"parent": "arm_left",
					"pivot": [6.25, 10.65, -1.5],
					"cubes": [
						{"origin": [6, 10.15, -2.5], "size": [3, 1, 2], "uv": [44, 14]}
					]
				},
				{
					"name": "wrist_left",
					"parent": "arm_left_2",
					"pivot": [9.25, 10.65, -1.5],
					"cubes": [
						{"origin": [9, 10.15, -3.5], "size": [2, 2, 3], "uv": [12, 39]}
					]
				},
				{
					"name": "hand_left",
					"parent": "wrist_left",
					"pivot": [10.75, 11.15, -2],
					"cubes": [
						{"origin": [10.75, 10.4, -3], "size": [2, 1, 2], "uv": [44, 32]}
					]
				},
				{
					"name": "arm_right",
					"parent": "arms",
					"pivot": [-2.25, 10.15, -2],
					"cubes": [
						{"origin": [-6.25, 9.4, -2], "size": [5, 1, 1], "uv": [34, 43]},
						{"origin": [-6.5, 9.9, -2.01], "size": [1, 1, 1], "uv": [48, 26]}
					]
				},
				{
					"name": "arm_right_2",
					"parent": "arm_right",
					"pivot": [-6.25, 10.65, -1.5],
					"cubes": [
						{"origin": [-9, 10.15, -2.5], "size": [3, 1, 2], "uv": [44, 17]}
					]
				},
				{
					"name": "wrist_right",
					"parent": "arm_right_2",
					"pivot": [-9.25, 10.65, -1.5],
					"cubes": [
						{"origin": [-11, 10.15, -3.5], "size": [2, 2, 3], "uv": [40, 35]}
					]
				},
				{
					"name": "hand_right",
					"parent": "wrist_right",
					"pivot": [-10.75, 11.15, -2],
					"cubes": [
						{"origin": [-12.75, 10.4, -3], "size": [2, 1, 2], "uv": [46, 6]}
					]
				}
			]
		}
	]
}