{
	"format_version": "1.8.0",
	"animations": {
		"animation.tentaquil.ground_idle": {
			"loop": true,
			"bones": {
				"torso": {
					"position": [0, "-0.15*(math.sin(q.anim_time*90*3-90)*1+1)", 0]
				},
				"arm_right": {
					"rotation": [0, -10, "-45-1.5*(math.sin(q.anim_time*90*3)*1+1)"]
				},
				"arm_right2": {
					"rotation": [0, -10, "0+1.5*(math.sin(q.anim_time*90*3)*2+1)"]
				},
				"arm_right3": {
					"rotation": [0, -10, "0+1.5*(math.sin(q.anim_time*90*3)*2+1)"]
				},
				"claw_right1": {
					"rotation": [0, 0, "-20+1.5*(math.sin(q.anim_time*90*3)*5+1)"]
				},
				"claw_right2": {
					"rotation": [0, 0, "-20+1.5*(math.sin(q.anim_time*90*3)*7+1)"]
				},
				"claw_right3": {
					"rotation": [0, 0, "-20+1.5*(math.sin(q.anim_time*90*3)*10+1)"]
				},
				"arm_left": {
					"rotation": [0, 10, "40+1.5*(math.sin(q.anim_time*90*3)*1+1)"]
				},
				"arm_left2": {
					"rotation": [0, 10, "-1.5*(math.sin(q.anim_time*90*3)*2+1)"]
				},
				"arm_left3": {
					"rotation": [0, 10, "-1.5*(math.sin(q.anim_time*90*3)*2+1)"]
				},
				"claw_left1": {
					"rotation": [0, 0, "20-1.5*(math.sin(q.anim_time*90*3)*5+1)"]
				},
				"claw_left2": {
					"rotation": [0, 0, "20-1.5*(math.sin(q.anim_time*90*3)*7+1)"]
				},
				"claw_left_3": {
					"rotation": [0, 0, "20-1.5*(math.sin(q.anim_time*90*3)*10+1)"]
				},
				"ear_left": {
					"rotation": [0, 0, "0-1.5*(math.sin(q.anim_time*90*3)*1+1)"]
				},
				"ear_right": {
					"rotation": [0, 10, "0+1.5*(math.sin(q.anim_time*90*3)*1+1)"]
				}
			}
		},
		"animation.tentaquil.ground_walk": {
			"loop": true,
			"bones": {
				"body": {
					"rotation": [
						"math.clamp(math.sin(query.anim_time*180*4/2+20)*1,0.2,2)+math.clamp(-math.sin(query.anim_time*180*4/2+20)*1,0.2,2)",
						"math.sin(query.anim_time*90*4+20)*10",
						"math.sin(query.anim_time*90*4+20)*2"
					],
					"position": [
						0,
						"-math.clamp(math.sin(-query.anim_time*90*4+45/2)*0.6,0.1,1)-math.clamp(math.sin(-query.anim_time*90*4+45/2+180)*0.6,0.1,1)+0.7",
						"-math.clamp(math.sin(query.anim_time*90*4)*0.8,0.1,0.7)-math.clamp(math.sin(-query.anim_time*90*4)*0.8,0.1,0.7)+0.2"
					]
				},
				"torso": {
					"rotation": ["1.5*(math.sin(q.anim_time*90*8)*1+1)", 0, 0]
				},
				"arm_right": {
					"rotation": [0, "1.5*(math.sin(q.anim_time*90*4)*8+1)", "-40+1.5*(math.sin(q.anim_time*90*3)*1+1)"]
				},
				"arm_right2": {
					"rotation": [0, "1.5*(math.sin(q.anim_time*90*4)*5+1)-10", "1.5*(math.sin(q.anim_time*90*3)*1+1)"]
				},
				"arm_right3": {
					"rotation": [0, "1.5*(math.sin(q.anim_time*90*4)*5+1)-10", "1.5*(math.sin(q.anim_time*90*3)*1+1)"]
				},
				"claw_right1": {
					"rotation": [0, "1.5*(math.sin(q.anim_time*90*4)*10+1)", "1.5*(math.sin(q.anim_time*90*3)*1+1)"]
				},
				"claw_right2": {
					"rotation": [0, "1.5*(math.sin(q.anim_time*90*4)*10+1)", "1.5*(math.sin(q.anim_time*90*3)*1+1)"]
				},
				"claw_right3": {
					"rotation": [0, "1.5*(math.sin(q.anim_time*90*4)*10+1)", "1.5*(math.sin(q.anim_time*90*3)*1+1)"]
				},
				"arm_left": {
					"rotation": [0, "1.5*(math.sin(q.anim_time*90*4)*8+1)", "40+1.5*(math.sin(q.anim_time*90*3)*1+1)"]
				},
				"arm_left2": {
					"rotation": [0, "1.5*(math.sin(q.anim_time*90*4)*5+1)+10", "1.5*(math.sin(q.anim_time*90*3)*1+1)"]
				},
				"arm_left3": {
					"rotation": [0, "1.5*(math.sin(q.anim_time*90*4)*5+1)+10", "1.5*(math.sin(q.anim_time*90*3)*1+1)"]
				},
				"claw_left1": {
					"rotation": [0, "1.5*(math.sin(q.anim_time*90*4)*10+1)", "1.5*(math.sin(q.anim_time*90*3)*1+1)"]
				},
				"claw_left2": {
					"rotation": [0, "1.5*(math.sin(q.anim_time*90*4)*10+1)", "1.5*(math.sin(q.anim_time*90*3)*1+1)"]
				},
				"claw_left_3": {
					"rotation": [0, "1.5*(math.sin(q.anim_time*90*4)*10+1)", "1.5*(math.sin(q.anim_time*90*3)*1+1)"]
				},
				"ear_left": {
					"rotation": [0, "1.5*(math.sin(q.anim_time*90*4)*15-10)", "1.5*(math.sin(q.anim_time*90*3)*1+1)"]
				},
				"ear_right": {
					"rotation": [0, "1.5*(math.sin(q.anim_time*90*4)*15-10)", "1.5*(math.sin(q.anim_time*90*3)*1+1)"]
				},
				"leg_left": {
					"rotation": [
						"-math.clamp(math.sin(query.anim_time*90*4+45)*10,-1,10)+math.clamp(-math.sin(query.anim_time*90*4+180+20)*12,5,12)",
						"-math.clamp(math.sin(query.anim_time*90*4+20)*10,0,30)",
						0
					],
					"position": [
						0,
						"-math.clamp(-math.sin(query.anim_time*90*4+20)*0.4,0.3,3)+math.clamp(-math.sin(query.anim_time*90*4-30+180)*0.8,0.5,1)+math.clamp(-math.sin(query.anim_time*90*4-35)*3,1,3)-1.3",
						"-math.clamp(math.sin(query.anim_time*90*4)*0.2,-0.5,1)-math.clamp(math.sin(query.anim_time*90*4)*0.4,-0.8,0)-0.5"
					]
				},
				"leg_right": {
					"rotation": [
						"-math.clamp(math.sin(query.anim_time*90*4+45+180)*10,-1,10)+math.clamp(-math.sin(query.anim_time*90*4+20)*12,5,12)-5",
						"math.clamp(math.sin(query.anim_time*90*4+20+180)*10,0,30)",
						0
					],
					"position": [
						0,
						"-math.clamp(-math.sin(query.anim_time*90*4+20+180)*0.4,0.3,3)+math.clamp(-math.sin(query.anim_time*90*4-30)*0.8,0.5,1)+math.clamp(-math.sin(query.anim_time*90*4-35+180)*3,1,3)-1.3",
						"-math.clamp(math.sin(query.anim_time*90*4+180)*0.2,-0.5,1)-math.clamp(math.sin(query.anim_time*90*4+180)*0.4,-0.8,0)-0.5"
					]
				}
			}
		},
		"animation.tentaquil.water_idle": {
			"loop": true,
			"bones": {
				"body": {
					"rotation": ["-math.clamp(math.sin(q.anim_time*90*2)*2,0,2)-math.clamp(math.sin(q.anim_time*90*2)*2,-2,0)", 0, 0]
				},
				"arm_right": {
					"rotation": [
						0,
						"-math.clamp(math.sin(q.anim_time*90*2+90)*1.5,0,1)-math.clamp(math.sin(q.anim_time*90*2+90)*2.5,0,6)-math.clamp(math.sin(q.anim_time*90*2+90)*1.5,-1,0)-math.clamp(math.sin(q.anim_time*90*2+90)*2,-4,-0)",
						"0+math.sin(q.anim_time*90*2/3+90)*6"
					],
					"position": [0, 0, 0]
				},
				"arm_right2": {
					"rotation": [
						0,
						"-10-math.sin(q.anim_time*90*2/3+90)*2",
						"-15-math.clamp(math.sin(q.anim_time*90*2+90)*1.5,0,1)-math.clamp(math.sin(q.anim_time*90*2+90)*2.5,0,6)-math.clamp(math.sin(q.anim_time*90*2+90)*1.5,-1,0)-math.clamp(math.sin(q.anim_time*90*2+90)*2,-4,-0)"
					]
				},
				"arm_right3": {
					"rotation": [
						0,
						"-10-math.sin(q.anim_time*90*2/3+90)*2",
						"-15-math.clamp(math.sin(q.anim_time*90*2+90)*1.5,0,1)-math.clamp(math.sin(q.anim_time*90*2+90)*2.5,0,6)-math.clamp(math.sin(q.anim_time*90*2+90)*1.5,-1,0)-math.clamp(math.sin(q.anim_time*90*2+90)*2,-4,-0)"
					]
				},
				"arm_left": {
					"rotation": [
						0,
						"math.clamp(math.sin(q.anim_time*90*2+90)*1.5,0,1)+math.clamp(math.sin(q.anim_time*90*2+90)*2.5,0,6)+math.clamp(math.sin(q.anim_time*90*2+90)*1.5,-1,0)+math.clamp(math.sin(q.anim_time*90*2+90)*2,-4,-0)",
						"0-math.sin(q.anim_time*90*2/3+90)*6"
					]
				},
				"arm_left2": {
					"rotation": [
						0,
						"10+math.sin(q.anim_time*90*2/3+90)*2",
						"15+math.clamp(math.sin(q.anim_time*90*2+90)*1.5,0,1)+math.clamp(math.sin(q.anim_time*90*2+90)*2.5,0,6)+math.clamp(math.sin(q.anim_time*90*2+90)*1.5,-1,0)+math.clamp(math.sin(q.anim_time*90*2+90)*2,-4,-0)"
					]
				},
				"arm_left3": {
					"rotation": [
						0,
						"10+math.sin(q.anim_time*90*2/3+90)*2",
						"15+math.clamp(math.sin(q.anim_time*90*2+90)*1.5,0,1)+math.clamp(math.sin(q.anim_time*90*2+90)*2.5,0,6)+math.clamp(math.sin(q.anim_time*90*2+90)*1.5,-1,0)+math.clamp(math.sin(q.anim_time*90*2+90)*2,-4,-0)"
					]
				},
				"leg_left": {
					"rotation": [
						"-10-math.clamp(math.sin(q.anim_time*90*2+70)*3,0,1)-math.clamp(math.sin(q.anim_time*90*2+70)*5,0,6)-math.clamp(math.sin(q.anim_time*90*2+70)*3,-1,0)-math.clamp(math.sin(q.anim_time*90*2+70)*4,-4,-0)",
						0,
						"-10+math.sin(q.anim_time*90*2/3)*6"
					]
				},
				"leg_right": {
					"rotation": [
						"-10-math.clamp(math.sin(q.anim_time*90*2+70)*3,0,1)-math.clamp(math.sin(q.anim_time*90*2+70)*5,0,6)-math.clamp(math.sin(q.anim_time*90*2+70)*3,-1,0)-math.clamp(math.sin(q.anim_time*90*2+70)*4,-4,-0)",
						0,
						"10-math.sin(q.anim_time*90*2/3)*6"
					]
				}
			}
		},
		"animation.tentaquil.water_swim": {
			"loop": true,
			"bones": {
				"body": {
					"rotation": [-90, "180-math.sin(q.anim_time*90*8+90)*1.5", "math.sin(q.anim_time*90*8+90)*0.5"],
					"position": [
						0,
						"-4+math.clamp(math.sin(q.anim_time*90*2)*0.2,0,1)+math.clamp(math.sin(q.anim_time*90*4)*0.3,-1,0)",
						"-math.sin(q.anim_time*90*4+90)*0.2"
					]
				},
				"arm_right": {
					"rotation": [0, 0, "-40+(math.sin(q.anim_time*90*4+90)*3-1)*2"]
				},
				"arm_right2": {
					"rotation": [0, -2.5, "-10+(math.sin(q.anim_time*90*4+120)*1-1)*2"]
				},
				"arm_right3": {
					"rotation": [0, -2.5, "-10+(math.sin(q.anim_time*90*4+150)*1-1)*2"]
				},
				"arm_left": {
					"rotation": [0, 0, "40-(math.sin(q.anim_time*90*4+90)*3-1)*2"]
				},
				"arm_left2": {
					"rotation": [0, 2.5, "10-(math.sin(q.anim_time*90*4+120)*1-1)*2"]
				},
				"arm_left3": {
					"rotation": [0, 2.5, "10-(math.sin(q.anim_time*90*4+150)*1-1)*2"]
				},
				"ear_left": {
					"rotation": [-87.5, 0, "-math.sin(q.anim_time*90*8+20)*4"],
					"position": [0, -1, 0]
				},
				"ear_right": {
					"rotation": [-87.5, 0, "-math.sin(q.anim_time*90*8+20)*4"],
					"position": [0, -1, 0]
				},
				"tail": {
					"rotation": [-87.5, 0, "-math.sin(q.anim_time*90*8+20)*4"],
					"position": [0, -3.5, 1]
				},
				"leg_left": {
					"rotation": [0, 0, "-(math.sin(q.anim_time*90*8+90)*1)*20-5"],
					"position": [0, 0, 1]
				},
				"leg_right": {
					"rotation": [0, 0, "(math.sin(q.anim_time*90*8+90)*1)*20+5"],
					"position": [0, 0, 1]
				}
			}
		}
	},
	"geckolib_format_version": 2
}