{
	"format_version": "1.12.0",
	"minecraft:geometry": [
		{
			"description": {
				"identifier": "geometry.ball",
				"texture_width": 64,
				"texture_height": 64,
				"visible_bounds_width": 2,
				"visible_bounds_height": 2.5,
				"visible_bounds_offset": [0, 0.75, 0]
			},
			"bones": [
				{
					"name": "ball",
					"pivot": [0, 0, 0],
					"cubes": [
						{"origin": [-4, 1, -4], "size": [8, 8, 8], "uv": [0, 0]},
						{"origin": [-3, 0, -3], "size": [6, 1, 6], "uv": [0, 16]},
						{"origin": [-3, 9, -3], "size": [6, 1, 6], "uv": [0, 23]},
						{"origin": [-3, 2, -5], "size": [6, 6, 1], "uv": [0, 30]},
						{"origin": [-3, 2, 4], "size": [6, 6, 1], "uv": [32, 0]},
						{"origin": [-5, 2, -3], "size": [1, 6, 6], "uv": [24, 16]},
						{"origin": [4, 2, -3], "size": [1, 6, 6], "uv": [24, 28]}
					]
				}
			]
		}
	]
}