{
	"format_version": "1.8.0",
	"animations": {
		"animation.ball.ground_idle": {
			"loop": true,
			"animation_length": 2,
			"bones": {
				"ball": {
					"rotation": {
						"0.0": [0, 0, 0],
						"0.4167": [0, 0, 0],
						"0.5": [0, 90, 0],
						"0.9167": [0, 90, 0],
						"1.0": [0, 180, 0],
						"1.4167": [0, 180, 0],
						"1.5": [0, 270, 0],
						"1.9167": [0, 270, 0],
						"2.0": [0, 360, 0]
					}
				}
			}
		},
		"animation.ball.faint": {
			"loop": "hold_on_last_frame",
			"animation_length": 5,
			"bones": {
				"ball": {
					"rotation": {
						"0.0": [0, 0, 0],
						"1.0417": ["math.sin(q.anim_time * 3000) * 8", 0, "math.cos(q.anim_time * 2000) * 8"],
						"1.875": ["math.sin(q.anim_time * 3000) * 30", 0, "math.cos(q.anim_time * 2000) * 30"],
						"1.9167": [0, 0, 0]
					},
					"position": {
						"0.75": {
							"pre": [0, 0, 0],
							"post": [0, 0, 0],
							"lerp_mode": "catmullrom"
						},
						"0.8333": {
							"post": [0, -1, 0],
							"lerp_mode": "catmullrom"
						},
						"0.9583": {
							"post": [0, 19, 0],
							"lerp_mode": "catmullrom"
						}
					},
					"scale": {
						"0.0": [1, 1, 1],
						"0.1667": [1.0075, 1.0075, 1.0075],
						"0.3333": [1.02, 1.02, 1.02],
						"0.5": [1.045, 1.045, 1.045],
						"0.6667": [1.08, 1.08, 1.08],
						"0.8333": [1.13, 1.13, 1.13],
						"1.75": [1.4, 1.4, 1.4],
						"1.9167": {"pre": [10, 10, 10], "post": [0, 0, 0]}
					}
				}
			}
		}
	}
}