{
	"format_version": "1.12.0",
	"minecraft:geometry": [
		{
			"description": {
				"identifier": "geometry.impostor",
				"texture_width": 64,
				"texture_height": 64,
				"visible_bounds_width": 3,
				"visible_bounds_height": 2.5,
				"visible_bounds_offset": [0, 0.75, 0]
			},
			"bones": [
				{
					"name": "impostor",
					"pivot": [0, 0, 0]
				},
				{
					"name": "body",
					"parent": "impostor",
					"pivot": [0, 5, 0],
					"cubes": [
						{"origin": [-3, 6, -4], "size": [6, 9, 1], "uv": [28, 0]},
						{"origin": [-4, 6, -3], "size": [8, 9, 6], "uv": [0, 0]},
						{"origin": [-3, 15, -3], "size": [6, 1, 6], "uv": [0, 15]},
						{"origin": [-3, 5.5, -2.5], "size": [6, 1, 5], "uv": [0, 22]}
					]
				},
				{
					"name": "backpack",
					"parent": "body",
					"pivot": [0, 5, 1],
					"cubes": [
						{"origin": [-3.25, 6, 3], "size": [6.25, 9, 2], "uv": [22, 22]}
					]
				},
				{
					"name": "bone",
					"parent": "backpack",
					"pivot": [3, 15, 8.25],
					"cubes": [
						{"origin": [-2.5, 6.5, 4.75], "size": [5, 8, 1], "uv": [14, 33]}
					]
				},
				{
					"name": "visor",
					"parent": "body",
					"pivot": [0, 3.5, -0.25],
					"cubes": [
						{"origin": [-2.5, 10, -5], "size": [5, 3, 1], "uv": [26, 33]},
						{"origin": [-2, 8.5, -4.25], "size": [4, 1, 1], "uv": [24, 20]}
					]
				},
				{
					"name": "legs",
					"parent": "impostor",
					"pivot": [0, 5.5, -0.5]
				},
				{
					"name": "left_leg",
					"parent": "legs",
					"pivot": [0, 5.5, -0.5],
					"cubes": [
						{"origin": [-3, 0, -2], "size": [3, 6, 4], "uv": [0, 28]}
					]
				},
				{
					"name": "right_leg",
					"parent": "legs",
					"pivot": [0, 5.5, -0.5],
					"cubes": [
						{"origin": [0, 0, -2], "size": [3, 6, 4], "uv": [28, 10]}
					]
				}
			]
		}
	]
}