{
	"format_version": "1.8.0",
	"animations": {
		"animation.pyrate.ground_idle": {
			"loop": true,
			"animation_length": 4.7083,
			"bones": {
				"head": {
					"rotation": {
						"0.0": [7.5, 0, 0],
						"4.0833": [7.5, 0, 0]
					},
					"position": {
						"0.0": [0, 0, -0.5],
						"0.0417": [0, 0, -0.5],
						"2.5": [0, -0.25, -0.5],
						"4.6667": [0, 0, -0.5]
					}
				},
				"hat": {
					"rotation": [0, 0, 0]
				},
				"body": {
					"rotation": {
						"0.0": [-2.5, 0, 0],
						"4.6667": [-2.5, 0, 0]
					},
					"position": {
						"0.0": [0, 0, 0.25],
						"2.0417": [0, -0.25, 0.25],
						"4.6667": [0, 0, 0.25]
					}
				},
				"leg_left": {
					"rotation": {
						"0.0": [-5, 0, -5],
						"4.2083": [-5, 0, -5]
					},
					"position": {
						"0.0": [0, 0, 0.25],
						"4.2083": [0, 0, 0.25]
					}
				},
				"leg_left2": {
					"rotation": [5, 0, 5]
				},
				"leg_right": {
					"rotation": [-5, 0, 5],
					"position": [0, 0, 0.25]
				},
				"leg_right2": {
					"rotation": [7.5, 0, -5]
				},
				"arm_left": {
					"rotation": [0, -180, -95],
					"position": [0, 0, 0]
				},
				"arm_left_2": {
					"rotation": {
						"0.0": [0, -2.5, -5],
						"2.375": [-0.10912, -2.49762, -7.50238],
						"4.7083": [0, -2.5, -5]
					}
				},
				"lower_body": {
					"rotation": [0, 0, 0]
				},
				"arm_right": {
					"rotation": [0, 0, -85],
					"position": [0, 0, 0]
				},
				"arm_right_2": {
					"rotation": {
						"0.0": [0, 2.5, -5],
						"2.375": [-0.10912, 2.49762, -7.50238],
						"4.7083": [0, 2.5, -5]
					}
				}
			}
		},
		"animation.pyrate.cry": {
			"animation_length": 1.5417,
			"bones": {
				"head": {
					"rotation": {
						"0.0": [7.5, 0, 0],
						"0.1667": [-7.5, 2.5, 0],
						"0.2083": [-7.5, 2.5, 0],
						"0.3333": ["math.cos(query.anim_time * 2160) * 20", 0, "math.sin(query.anim_time * 2160) * 20"],
						"0.875": ["math.cos(query.anim_time * 2160) * 8", 0, "math.sin(query.anim_time * 2160) * 8"],
						"1.25": [-7.5, 2.5, 0],
						"1.375": [7.5, 0, 0]
					},
					"position": {
						"0.0": [0, 0, -0.5],
						"0.1667": [0, 0.25, 0.75],
						"0.3333": [0, 3.25, 0.75],
						"1.25": [0, 0.25, 0.75],
						"1.375": [0, 0, -0.5]
					}
				},
				"hat": {
					"rotation": {
						"0.0": [0, 0, 0],
						"1.375": [0, 0, 0]
					},
					"position": {
						"0.0": [0, 0, 0],
						"0.1667": [0, 0, 0],
						"0.25": [0, 3, 0],
						"0.2917": [0, 0.25, 0],
						"1.375": [0, 0, 0]
					}
				},
				"body": {
					"rotation": {
						"0.0": [-2.5, 0, 0],
						"0.1667": [-10.00238, -2.49762, 0.10912],
						"0.25": [-10.00238, -2.49762, 0.10912],
						"0.9583": [-13.63831, -2.04351, 0.08928],
						"1.375": [-2.5, 0, 0]
					},
					"position": {
						"0.0": [0, 0, 0.25],
						"0.25": [0, 0, 0.25],
						"0.9583": [0, 0, 0.5],
						"1.375": [0, 0, 0.25]
					}
				},
				"leg_left": {
					"rotation": {
						"0.0": [-5, 0, -5],
						"0.1667": [-10, 0, -5],
						"0.875": [-10, 0, -5],
						"1.375": [-5, 0, -5]
					},
					"position": {
						"0.0": [0, 0, 0.25],
						"0.1667": [0, -0.02, -0.21],
						"0.875": [0, -0.02, -0.21],
						"1.375": [0, 0, 0.25]
					}
				},
				"leg_left2": {
					"rotation": {
						"0.0": [5, 0, 5],
						"0.1667": [10, 0, 5],
						"0.875": [10, 0, 5],
						"1.375": [5, 0, 5]
					}
				},
				"leg_right": {
					"rotation": {
						"0.0": [-5, 0, 5],
						"0.1667": [2.5, 0, 5],
						"0.875": [2.5, 0, 5],
						"1.375": [-5, 0, 5]
					},
					"position": {
						"0.0": [0, 0, 0.25],
						"1.375": [0, 0, 0.25]
					}
				},
				"leg_right2": {
					"rotation": {
						"0.0": [7.5, 0, -5],
						"0.1667": [5, 0, -5],
						"0.875": [5, 0, -5],
						"1.375": [7.5, 0, -5]
					}
				},
				"lower_body": {
					"rotation": {
						"0.0": [0, 0, 0],
						"0.1667": [0, 5, 0],
						"0.875": [0, 5, 0],
						"1.375": [0, 0, 0]
					},
					"position": {
						"0.0": [0, 0, 0],
						"0.1667": [0, 0, -0.25],
						"0.875": [0, 0, -0.25],
						"1.375": [0, 0, 0]
					}
				}
			}
		},
		"animation.pyrate.ground_walking": {
			"loop": true,
			"animation_length": 1.3333,
			"bones": {
				"pyrate": {
					"position": {
						"0.0": {
							"post": [0, -0.25, 0],
							"lerp_mode": "catmullrom"
						},
						"0.1667": {
							"post": [0, -0.5, 0],
							"lerp_mode": "catmullrom"
						},
						"0.3333": {
							"post": [0, 0, 0],
							"lerp_mode": "catmullrom"
						},
						"0.5": {
							"post": [0, 0.25, 0],
							"lerp_mode": "catmullrom"
						},
						"0.6667": {
							"post": [0, 0, 0],
							"lerp_mode": "catmullrom"
						},
						"0.8333": {
							"post": [0, -0.25, 0],
							"lerp_mode": "catmullrom"
						},
						"1.0": {
							"post": [0, 0, 0],
							"lerp_mode": "catmullrom"
						},
						"1.1667": {
							"post": [0, 0, 0],
							"lerp_mode": "catmullrom"
						},
						"1.3333": {
							"post": [0, -0.25, 0],
							"lerp_mode": "catmullrom"
						}
					}
				},
				"head": {
					"rotation": {
						"0.0": {
							"post": [7.5, 0, 0],
							"lerp_mode": "catmullrom"
						}
					},
					"position": {
						"0.0": {
							"post": [0, 0.25, -0.5],
							"lerp_mode": "catmullrom"
						},
						"0.3333": {
							"post": [0, -0.25, -0.25],
							"lerp_mode": "catmullrom"
						},
						"0.6667": {
							"post": [0, 0.25, -0.5],
							"lerp_mode": "catmullrom"
						},
						"1.0": {
							"post": [0, -0.25, -0.75],
							"lerp_mode": "catmullrom"
						},
						"1.3333": {
							"post": [0, 0.25, -0.5],
							"lerp_mode": "catmullrom"
						}
					}
				},
				"hat": {
					"rotation": {
						"0.0": {
							"post": [0, 0, 0],
							"lerp_mode": "catmullrom"
						}
					}
				},
				"body": {
					"rotation": {
						"0.0": {
							"post": [0, 0, 0],
							"lerp_mode": "catmullrom"
						},
						"0.2917": {
							"post": [-2.50954, 4.99523, -0.21865],
							"lerp_mode": "catmullrom"
						},
						"0.6667": {
							"post": [0, 0, 0],
							"lerp_mode": "catmullrom"
						},
						"0.9583": {
							"post": [0, -5, 0],
							"lerp_mode": "catmullrom"
						},
						"1.3333": {
							"post": [0, 0, 0],
							"lerp_mode": "catmullrom"
						}
					},
					"position": {
						"0.0": {
							"post": [0, 0, 0.25],
							"lerp_mode": "catmullrom"
						},
						"0.1667": {
							"post": [0, -0.25, 0.25],
							"lerp_mode": "catmullrom"
						},
						"0.4583": {
							"post": [0, 0, 0.25],
							"lerp_mode": "catmullrom"
						},
						"0.6667": {
							"post": [0, 0, 0.25],
							"lerp_mode": "catmullrom"
						},
						"0.8333": {
							"post": [0, -0.25, 0.25],
							"lerp_mode": "catmullrom"
						},
						"1.125": {
							"post": [0, 0, 0.25],
							"lerp_mode": "catmullrom"
						},
						"1.3333": {
							"post": [0, 0, 0.25],
							"lerp_mode": "catmullrom"
						}
					}
				},
				"leg_left": {
					"rotation": {
						"0.0": {
							"post": [-40, 0, 0],
							"lerp_mode": "catmullrom"
						},
						"0.125": {
							"post": [-35, 0, 0],
							"lerp_mode": "catmullrom"
						},
						"0.2917": {
							"post": [-5, 0, 0],
							"lerp_mode": "catmullrom"
						},
						"0.4583": {
							"post": [7.5, 0, 0],
							"lerp_mode": "catmullrom"
						},
						"0.625": {
							"post": [12.5, 0, 0],
							"lerp_mode": "catmullrom"
						},
						"0.7917": {
							"post": [17.5, 0, 0],
							"lerp_mode": "catmullrom"
						},
						"0.9583": {
							"post": [2.5, 0, 0],
							"lerp_mode": "catmullrom"
						},
						"1.125": {
							"post": [-25, 0, 0],
							"lerp_mode": "catmullrom"
						},
						"1.2917": {
							"post": [-40, 0, 0],
							"lerp_mode": "catmullrom"
						}
					}
				},
				"leg_left2": {
					"rotation": {
						"0.0": {
							"post": [0, 0, 0],
							"lerp_mode": "catmullrom"
						},
						"0.1667": {
							"post": [25, 0, 0],
							"lerp_mode": "catmullrom"
						},
						"0.3333": {
							"post": [5, 0, 0],
							"lerp_mode": "catmullrom"
						},
						"0.5": {
							"post": [2.5, 0, 0],
							"lerp_mode": "catmullrom"
						},
						"0.6667": {
							"post": [15, 0, 0],
							"lerp_mode": "catmullrom"
						},
						"0.8333": {
							"post": [22.5, 0, 0],
							"lerp_mode": "catmullrom"
						},
						"1.0": {
							"post": [65, 0, 0],
							"lerp_mode": "catmullrom"
						},
						"1.1667": {
							"post": [40, 0, 0],
							"lerp_mode": "catmullrom"
						},
						"1.3333": {
							"post": [0, 0, 0],
							"lerp_mode": "catmullrom"
						}
					}
				},
				"leg_right": {
					"rotation": {
						"0.0": {
							"post": [12.5, 0, 0],
							"lerp_mode": "catmullrom"
						},
						"0.125": {
							"post": [17.5, 0, 0],
							"lerp_mode": "catmullrom"
						},
						"0.2917": {
							"post": [2.5, 0, 0],
							"lerp_mode": "catmullrom"
						},
						"0.4583": {
							"post": [-25, 0, 0],
							"lerp_mode": "catmullrom"
						},
						"0.625": {
							"post": [-40, 0, 0],
							"lerp_mode": "catmullrom"
						},
						"0.7917": {
							"post": [-35, 0, 0],
							"lerp_mode": "catmullrom"
						},
						"0.9583": {
							"post": [-5, 0, 0],
							"lerp_mode": "catmullrom"
						},
						"1.125": {
							"post": [7.5, 0, 0],
							"lerp_mode": "catmullrom"
						},
						"1.2917": {
							"post": [12.5, 0, 0],
							"lerp_mode": "catmullrom"
						}
					}
				},
				"leg_right2": {
					"rotation": {
						"0.0": {
							"post": [15, 0, 0],
							"lerp_mode": "catmullrom"
						},
						"0.1667": {
							"post": [22.5, 0, 0],
							"lerp_mode": "catmullrom"
						},
						"0.3333": {
							"post": [65, 0, 0],
							"lerp_mode": "catmullrom"
						},
						"0.5": {
							"post": [40, 0, 0],
							"lerp_mode": "catmullrom"
						},
						"0.6667": {
							"post": [0, 0, 0],
							"lerp_mode": "catmullrom"
						},
						"0.8333": {
							"post": [25, 0, 0],
							"lerp_mode": "catmullrom"
						},
						"1.0": {
							"post": [5, 0, 0],
							"lerp_mode": "catmullrom"
						},
						"1.1667": {
							"post": [2.5, 0, 0],
							"lerp_mode": "catmullrom"
						},
						"1.3333": {
							"post": [15, 0, 0],
							"lerp_mode": "catmullrom"
						}
					}
				},
				"arm_left": {
					"rotation": {
						"0.0": {
							"post": [0, -180, -95],
							"lerp_mode": "catmullrom"
						},
						"0.3333": {
							"post": [0, -205, -95],
							"lerp_mode": "catmullrom"
						},
						"0.6667": {
							"post": [0, -180, -95],
							"lerp_mode": "catmullrom"
						},
						"1.0": {
							"post": [0, -155, -95],
							"lerp_mode": "catmullrom"
						},
						"1.3333": {
							"post": [0, -180, -95],
							"lerp_mode": "catmullrom"
						}
					},
					"position": {
						"0.0": {
							"post": [0, 0, 0],
							"lerp_mode": "catmullrom"
						}
					}
				},
				"arm_left_2": {
					"rotation": {
						"0.0": {
							"post": [0, 0, -5],
							"lerp_mode": "catmullrom"
						},
						"0.3333": {
							"post": [0, -30, -5],
							"lerp_mode": "catmullrom"
						},
						"0.6667": {
							"post": [0, -5, -5],
							"lerp_mode": "catmullrom"
						},
						"1.0": {
							"post": [0, 0, -5],
							"lerp_mode": "catmullrom"
						},
						"1.3333": {
							"post": [0, -5, -5],
							"lerp_mode": "catmullrom"
						}
					}
				},
				"arm_right": {
					"rotation": {
						"0.0": {
							"post": [0, 0, -85],
							"lerp_mode": "catmullrom"
						},
						"0.3333": {
							"post": [0, 25, -85],
							"lerp_mode": "catmullrom"
						},
						"0.6667": {
							"post": [0, 0, -85],
							"lerp_mode": "catmullrom"
						},
						"1.0": {
							"post": [0, -25, -85],
							"lerp_mode": "catmullrom"
						},
						"1.3333": {
							"post": [0, 0, -85],
							"lerp_mode": "catmullrom"
						}
					},
					"position": {
						"0.0": {
							"post": [0, 0, 0],
							"lerp_mode": "catmullrom"
						}
					}
				},
				"arm_right_2": {
					"rotation": {
						"0.0": {
							"post": [0, -5, -5],
							"lerp_mode": "catmullrom"
						},
						"0.3333": {
							"post": [0, 0, -5],
							"lerp_mode": "catmullrom"
						},
						"0.6667": {
							"post": [0, -5, -5],
							"lerp_mode": "catmullrom"
						},
						"1.0": {
							"post": [0, -30, -5],
							"lerp_mode": "catmullrom"
						},
						"1.3333": {
							"post": [0, -5, -5],
							"lerp_mode": "catmullrom"
						}
					}
				},
				"lower_body": {
					"rotation": {
						"0.0": {
							"post": [0, 10, 0],
							"lerp_mode": "catmullrom"
						},
						"0.6667": {
							"post": [0, -10, 0],
							"lerp_mode": "catmullrom"
						},
						"1.3333": {
							"post": [0, 10, 0],
							"lerp_mode": "catmullrom"
						}
					}
				},
				"whole": {
					"position": {
						"0.0": {
							"post": [0, 0, 0],
							"lerp_mode": "catmullrom"
						},
						"0.2083": {
							"post": [0, 0, 0],
							"lerp_mode": "catmullrom"
						},
						"0.4583": {
							"post": [0, 0, -0.5],
							"lerp_mode": "catmullrom"
						},
						"0.5417": {
							"post": [0, 0, -0.5],
							"lerp_mode": "catmullrom"
						},
						"0.8333": {
							"post": [0, 0, 0],
							"lerp_mode": "catmullrom"
						},
						"1.0833": {
							"post": [0, 0, -0.5],
							"lerp_mode": "catmullrom"
						},
						"1.1667": {
							"post": [0, 0, -0.5],
							"lerp_mode": "catmullrom"
						},
						"1.2917": {
							"post": [0, 0, 0],
							"lerp_mode": "catmullrom"
						}
					}
				}
			}
		},
		"animation.pyrate.faint": {
			"loop": "hold_on_last_frame",
			"animation_length": 4.7083,
			"bones": {
				"pyrate": {
					"scale": 1
				},
				"head": {
					"rotation": {
						"0.0": [7.5, 0, 0],
						"0.0833": [2.5, 0, 0],
						"0.5": [2.5, 0, 0],
						"0.7917": [20.34721, -12.06754, -3.28396],
						"1.2917": [20.34721, -12.06754, -3.28396],
						"1.875": [-4.62583, -12.06754, -3.28396],
						"1.9583": [180, -14.56754, 0]
					},
					"position": {
						"0.0": [0, 0, -0.5],
						"0.0833": [0, 0, 0],
						"0.5": [0, 0, 0],
						"0.7917": [0, 0, -0.5],
						"1.2917": [0, 0, -0.5],
						"1.875": [0, -1, -3.5],
						"1.9583": [0, -19, -3.5]
					}
				},
				"hat": {
					"rotation": [0, 0, 0],
					"position": {
						"0.0": [0, 0, 0],
						"0.125": {
							"pre": [0, 49, 0],
							"post": [0, 49, 0],
							"lerp_mode": "catmullrom"
						}
					},
					"scale": {
						"0.0": [1, 1, 1],
						"0.0417": [1, 1, 1],
						"0.1667": [0, 0, 0]
					}
				},
				"body": {
					"rotation": {
						"0.0": [-2.5, 0, 0],
						"0.0833": [-7.5, 0, 0]
					},
					"position": {
						"0.0": [0, 0, 0.25],
						"2.0": [0, 0, 0.25],
						"2.0833": [0, -0.5, 0.25],
						"2.1667": [0, -15.25, 0.25]
					}
				},
				"leg_left": {
					"rotation": {
						"0.0": [-5, 0, -5],
						"0.0833": [-10, 0, -5]
					},
					"position": [0, 0, 0.25]
				},
				"leg_left2": {
					"rotation": {
						"0.0": [5, 0, 5],
						"0.0833": [10, 0, 5]
					}
				},
				"leg_right": {
					"rotation": {
						"0.0": [-5, 0, 5],
						"0.0833": [5, 0, 5]
					},
					"position": [0, 0, 0.25]
				},
				"leg_right2": {
					"rotation": {
						"0.0": [7.5, 0, -5],
						"0.0833": [5, 0, -5]
					}
				},
				"arm_left": {
					"rotation": {
						"0.0": [0, -180, -95],
						"0.5": [0, -180, -95],
						"0.7917": {
							"pre": [0, -220, -85],
							"post": [0, -220, -85],
							"lerp_mode": "catmullrom"
						}
					},
					"position": {
						"0.0": [0, 0, 0],
						"0.5": [0, 0, 0],
						"0.7917": {
							"pre": [0, 0, 0],
							"post": [0, 0, 0],
							"lerp_mode": "catmullrom"
						}
					}
				},
				"arm_left_2": {
					"rotation": {
						"0.0": [0, -2.5, -5],
						"0.5": [0, -2.5, -5],
						"0.7917": {
							"pre": [-12.06121, -39.69051, -102.17749],
							"post": [-12.06121, -39.69051, -102.17749],
							"lerp_mode": "catmullrom"
						}
					}
				},
				"lower_body": {
					"rotation": {
						"0.0": [0, 0, 0],
						"0.5": [0, 0, 0],
						"2.0": {
							"pre": [0, 0, 0],
							"post": [0, 0, 0],
							"lerp_mode": "catmullrom"
						},
						"2.2083": {
							"post": [-12.5, 0, 0],
							"lerp_mode": "catmullrom"
						},
						"2.3333": {
							"post": [-87.5, 0, 0],
							"lerp_mode": "catmullrom"
						}
					},
					"position": {
						"0.0": [0, 0, 0],
						"2.0": [0, 0, 0],
						"2.2083": [0, 0, 0.5],
						"2.3333": [0, 0, 1.5]
					}
				},
				"arm_right": {
					"rotation": {
						"0.0": [0, 0, -85],
						"0.5": [0, 0, -85],
						"0.7917": {
							"pre": [0, 12.5, -85],
							"post": [0, 12.5, -85],
							"lerp_mode": "catmullrom"
						}
					},
					"position": {
						"0.0": [0, 0, 0],
						"0.5": [0, 0, 0],
						"0.7917": {
							"pre": [0, 0, 0],
							"post": [0, 0, 0],
							"lerp_mode": "catmullrom"
						}
					}
				},
				"arm_right_2": {
					"rotation": {
						"0.0": [0, 2.5, -5],
						"0.5": [0, 2.5, -5],
						"0.7917": {
							"pre": [0, -22.5, -5],
							"post": [0, -22.5, -5],
							"lerp_mode": "catmullrom"
						}
					}
				}
			}
		}
	}
}