{
	"format_version": "1.8.0",
	"animations": {
		"animation.pyrate.ground_idle": {
			"loop": true,
			"animation_length": 4.7083,
			"bones": {
				"head": {
					"rotation": {
						"0.0": [7.5, 0, 0],
						"4.0833": [7.5, 0, 0]
					},
					"position": {
						"0.0": [0, 0, -0.5],
						"0.0417": [0, 0, -0.5],
						"2.5": [0, -0.25, -0.5],
						"4.6667": [0, 0, -0.5]
					}
				},
				"hat": {
					"rotation": [0, 0, 0]
				},
				"body": {
					"rotation": {
						"0.0": [-2.5, 0, 0],
						"4.6667": [-2.5, 0, 0]
					},
					"position": {
						"0.0": [0, 0, 0.25],
						"2.0417": [0, -0.25, 0.25],
						"4.6667": [0, 0, 0.25]
					}
				},
				"leg_left": {
					"rotation": {
						"0.0": [-5, 0, -5],
						"4.2083": [-5, 0, -5]
					},
					"position": {
						"0.0": [0, 0, 0.25],
						"4.2083": [0, 0, 0.25]
					}
				},
				"leg_left2": {
					"rotation": [5, 0, 5]
				},
				"leg_right": {
					"rotation": [-5, 0, 5],
					"position": [0, 0, 0.25]
				},
				"leg_right2": {
					"rotation": [7.5, 0, -5]
				},
				"arm_left": {
					"rotation": [0, 0, 85],
					"position": [0, 0, 0]
				},
				"arm_left_2": {
					"rotation": {
						"0.0": [0, -2.5, 5],
						"2.375": [-0.10912, -2.49762, 7.50238],
						"4.7083": [0, -2.5, 5]
					}
				},
				"lower_body": {
					"rotation": [0, 0, 0]
				},
				"arm_right": {
					"rotation": [0, 0, -85],
					"position": [0, 0, 0]
				},
				"arm_right_2": {
					"rotation": {
						"0.0": [0, 2.5, -5],
						"2.375": [-0.10912, 2.49762, -7.50238],
						"4.7083": [0, 2.5, -5]
					}
				}
			}
		},
		"animation.pyrate.ground_walking": {
			"loop": true,
			"animation_length": 1.3333,
			"bones": {
				"pyrate": {
					"position": {
						"0.0": [0, -0.25, 0],
						"0.1667": [0, -0.5, 0],
						"0.3333": [0, 0, 0],
						"0.5": [0, 0.25, 0],
						"0.6667": [0, 0, 0],
						"0.8333": [0, -0.25, 0],
						"1.0": [0, 0, 0],
						"1.1667": [0, 0, 0],
						"1.3333": [0, -0.25, 0]
					}
				},
				"head": {
					"rotation": [7.5, 0, 0],
					"position": {
						"0.0": [0, 0, -0.5],
						"0.5833": [0, -0.07, -0.25],
						"1.3333": [0, 0, -0.5]
					}
				},
				"hat": {
					"rotation": [0, 0, 0]
				},
				"body": {
					"rotation": {
						"0.0": [0, 0, 0],
						"0.2917": [-2.50238, 2.49762, -0.10912],
						"0.6667": [0, 0, 0],
						"0.9583": [0, -2.5, 0],
						"1.3333": [0, 0, 0]
					},
					"position": {
						"0.0": [0, 0, 0.25],
						"0.1667": [0, -0.25, 0.25],
						"0.4583": [0, 0, 0.25],
						"0.6667": [0, 0, 0.25],
						"0.8333": [0, -0.25, 0.25],
						"1.125": [0, 0, 0.25],
						"1.3333": [0, 0, 0.25]
					}
				},
				"leg_left": {
					"rotation": {
						"0.0": [-40, 0, 0],
						"0.125": [-35, 0, 0],
						"0.2917": [-5, 0, 0],
						"0.4583": [7.5, 0, 0],
						"0.625": [12.5, 0, 0],
						"0.7917": [17.5, 0, 0],
						"0.9583": [2.5, 0, 0],
						"1.125": [-25, 0, 0],
						"1.2917": [-40, 0, 0]
					}
				},
				"leg_left2": {
					"rotation": {
						"0.0": [0, 0, 0],
						"0.1667": [25, 0, 0],
						"0.3333": [5, 0, 0],
						"0.5": [2.5, 0, 0],
						"0.6667": [15, 0, 0],
						"0.8333": [22.5, 0, 0],
						"1.0": [65, 0, 0],
						"1.1667": [40, 0, 0],
						"1.3333": [0, 0, 0]
					}
				},
				"leg_right": {
					"rotation": {
						"0.0": [12.5, 0, 0],
						"0.125": [17.5, 0, 0],
						"0.2917": [2.5, 0, 0],
						"0.4583": [-25, 0, 0],
						"0.625": [-40, 0, 0],
						"0.7917": [-35, 0, 0],
						"0.9583": [-5, 0, 0],
						"1.125": [7.5, 0, 0],
						"1.2917": [12.5, 0, 0]
					}
				},
				"leg_right2": {
					"rotation": {
						"0.0": [15, 0, 0],
						"0.1667": [22.5, 0, 0],
						"0.3333": [65, 0, 0],
						"0.5": [40, 0, 0],
						"0.6667": [0, 0, 0],
						"0.8333": [25, 0, 0],
						"1.0": [5, 0, 0],
						"1.1667": [2.5, 0, 0],
						"1.3333": [15, 0, 0]
					}
				},
				"arm_left": {
					"rotation": [0, 0, 85],
					"position": [0, 0, 0]
				},
				"arm_left_2": {
					"rotation": [0, 5, 5]
				},
				"arm_right": {
					"rotation": [0, 0, -85],
					"position": [0, 0, 0]
				},
				"arm_right_2": {
					"rotation": [0, -5, -5]
				}
			}
		},
		"animation.pyrate.faint": {
			"loop": "hold_on_last_frame",
			"animation_length": 4.7083,
			"bones": {
				"pyrate": {
					"scale": 1
				},
				"head": {
					"rotation": {
						"0.0": [7.5, 0, 0],
						"0.0833": [2.5, 0, 0],
						"0.5": [2.5, 0, 0],
						"0.7917": [20.34721, -12.06754, -3.28396],
						"1.2917": [20.34721, -12.06754, -3.28396],
						"1.875": [-2.12583, -12.06754, -3.28396],
						"1.9583": [0, -12.06754, 0]
					},
					"position": {
						"0.0": [0, 0, -0.5],
						"0.0833": [0, 0, 0],
						"0.5": [0, 0, 0],
						"0.7917": [0, 0, -0.5],
						"1.2917": [0, 0, -0.5],
						"1.875": [0, -1, -3.5],
						"1.9583": [0, -19, -3.5]
					}
				},
				"hat": {
					"rotation": [0, 0, 0],
					"position": {
						"0.0": [0, 0, 0],
						"0.125": {
							"pre": [0, 49, 0],
							"post": [0, 49, 0],
							"lerp_mode": "catmullrom"
						}
					},
					"scale": {
						"0.0": [1, 1, 1],
						"0.0417": [1, 1, 1],
						"0.1667": [0, 0, 0]
					}
				},
				"body": {
					"rotation": {
						"0.0": [-2.5, 0, 0],
						"0.0833": [-7.5, 0, 0]
					},
					"position": [0, 0, 0.25]
				},
				"leg_left": {
					"rotation": {
						"0.0": [-5, 0, -5],
						"0.0833": [-10, 0, -5]
					},
					"position": [0, 0, 0.25]
				},
				"leg_left2": {
					"rotation": {
						"0.0": [5, 0, 5],
						"0.0833": [10, 0, 5]
					}
				},
				"leg_right": {
					"rotation": {
						"0.0": [-5, 0, 5],
						"0.0833": [5, 0, 5]
					},
					"position": [0, 0, 0.25]
				},
				"leg_right2": {
					"rotation": {
						"0.0": [7.5, 0, -5],
						"0.0833": [5, 0, -5]
					}
				},
				"arm_left": {
					"rotation": {
						"0.0": [0, 0, 85],
						"0.5": [0, 0, 85],
						"0.7917": {
							"pre": [0, 40, 85],
							"post": [0, 40, 85],
							"lerp_mode": "catmullrom"
						}
					},
					"position": {
						"0.0": [0, 0, 0],
						"0.5": [0, 0, 0],
						"0.7917": {
							"pre": [0, 0, 0],
							"post": [0, 0, 0],
							"lerp_mode": "catmullrom"
						}
					}
				},
				"arm_left_2": {
					"rotation": {
						"0.0": [0, -2.5, 5],
						"0.5": [0, -2.5, 5],
						"0.7917": {
							"pre": [-12.06121, 39.69051, 102.17749],
							"post": [-12.06121, 39.69051, 102.17749],
							"lerp_mode": "catmullrom"
						}
					}
				},
				"lower_body": {
					"rotation": {
						"0.0": [0, 0, 0],
						"0.5": [0, 0, 0]
					}
				},
				"arm_right": {
					"rotation": {
						"0.0": [0, 0, -85],
						"0.5": [0, 0, -85],
						"0.7917": {
							"pre": [0, 12.5, -85],
							"post": [0, 12.5, -85],
							"lerp_mode": "catmullrom"
						}
					},
					"position": {
						"0.0": [0, 0, 0],
						"0.5": [0, 0, 0],
						"0.7917": {
							"pre": [0, 0, 0],
							"post": [0, 0, 0],
							"lerp_mode": "catmullrom"
						}
					}
				},
				"arm_right_2": {
					"rotation": {
						"0.0": [0, 2.5, -5],
						"0.5": [0, 2.5, -5],
						"0.7917": {
							"pre": [0, -22.5, -5],
							"post": [0, -22.5, -5],
							"lerp_mode": "catmullrom"
						}
					}
				}
			}
		}
	}
}