{
	"format_version": "1.12.0",
	"minecraft:geometry": [
		{
			"description": {
				"identifier": "geometry.brasimian",
				"texture_width": 64,
				"texture_height": 64,
				"visible_bounds_width": 3,
				"visible_bounds_height": 2.5,
				"visible_bounds_offset": [0, 0.75, 0]
			},
			"bones": [
				{
					"name": "brasimian",
					"pivot": [0, 0, 0]
				},
				{
					"name": "whole",
					"parent": "brasimian",
					"pivot": [0, 10.35, -1.5]
				},
				{
					"name": "head",
					"parent": "whole",
					"pivot": [0, 14.35, 0],
					"cubes": [
						{"origin": [-2, 14.35, -3.25], "size": [4, 4, 4], "uv": [0, 26]},
						{"origin": [-2.5, 14.1, -3], "size": [5, 5, 5], "uv": [20, 8]}
					]
				},
				{
					"name": "eyes",
					"parent": "head",
					"pivot": [0, 16.35, 1.25],
					"cubes": [
						{"origin": [-3.5, 15.6, -3.5], "size": [2, 2, 2], "uv": [30, 36]},
						{"origin": [-3.25, 16.35, -3.51], "size": [1, 1, 0], "uv": [20, 18]},
						{"origin": [1.75, 16.35, -3.51], "size": [1, 1, 0], "uv": [22, 18]},
						{"origin": [1.5, 15.6, -3.5], "size": [2, 2, 2], "uv": [36, 31]}
					]
				},
				{
					"name": "antennae",
					"parent": "head",
					"pivot": [-1.52168, 18.65438, 1.25],
					"rotation": [-34.45992, 62.17154, 20.31645],
					"cubes": [
						{"origin": [-3.75, 17.85, 0.75], "size": [2, 1, 1], "uv": [10, 34]},
						{"origin": [-5.5, 17.85, 0.75], "size": [2, 1, 1], "pivot": [-3.5, 18.35, 1.75], "rotation": [0, 0, 37.5], "uv": [40, 6]}
					]
				},
				{
					"name": "antennae_2",
					"parent": "head",
					"pivot": [1.52168, 18.65438, 1.25],
					"rotation": [-34.45992, -62.17154, -20.31645],
					"cubes": [
						{"origin": [1.75, 17.85, 0.75], "size": [2, 1, 1], "uv": [40, 8]},
						{"origin": [3.5, 17.85, 0.75], "size": [2, 1, 1], "pivot": [3.5, 18.35, 1.75], "rotation": [0, 0, -37.5], "uv": [40, 10]}
					]
				},
				{
					"name": "nose",
					"parent": "head",
					"pivot": [0, 14.35, -2],
					"cubes": [
						{"origin": [-1, 14.6, -5.25], "size": [2, 2, 3], "pivot": [0, 15.6, -3.25], "rotation": [45, 0, 0], "uv": [26, 31]}
					]
				},
				{
					"name": "thorax",
					"parent": "whole",
					"pivot": [0, 11.35, 0.5],
					"cubes": [
						{"origin": [-1.5, 10.6, -2.25], "size": [3, 1, 4], "uv": [16, 26]},
						{"origin": [-3, 11.35, -1.5], "size": [6, 4, 4], "uv": [24, 18]},
						{"origin": [0.5, 12.1, 0], "size": [3, 3, 3], "uv": [52, 0]},
						{"origin": [-3.5, 12.1, 0], "size": [3, 3, 3], "uv": [52, 0]},
						{"origin": [-2.5, 11.6, -2], "size": [5, 3, 1], "uv": [30, 26]}
					]
				},
				{
					"name": "abdomen",
					"parent": "whole",
					"pivot": [0, 10.6, 0],
					"cubes": [
						{"origin": [-2.5, 6.1, -2], "size": [5, 5, 5], "uv": [0, 8]},
						{"origin": [-2, 6.6, -2.5], "size": [4, 4, 1], "uv": [28, 0]}
					]
				},
				{
					"name": "leg_left",
					"parent": "whole",
					"pivot": [2.125, 7.1, 0.5],
					"rotation": [0, 0, 90],
					"cubes": [
						{"origin": [2, 6.1, 0], "size": [3, 2, 1], "uv": [38, 0]},
						{"origin": [4.75, 5.6, -0.5], "size": [1, 3, 2], "uv": [38, 35]}
					]
				},
				{
					"name": "leg_left_2",
					"parent": "leg_left",
					"pivot": [5.75, 7.1, 0.5],
					"cubes": [
						{"origin": [5.5, 6.6, -0.5], "size": [3, 1, 2], "pivot": [7.5, 7.1, 0.5], "rotation": [90, 0, 0], "uv": [0, 34]}
					]
				},
				{
					"name": "foot_left",
					"parent": "leg_left_2",
					"pivot": [7.25, 7.1, 0.5],
					"cubes": [
						{"origin": [8.25, 6.6, 0.25], "size": [1, 2, 1], "pivot": [8.75, 7.1, 0.75], "rotation": [90, 0, 0], "uv": [22, 39]}
					]
				},
				{
					"name": "leg_right",
					"parent": "whole",
					"pivot": [-2.125, 7.1, 0.5],
					"rotation": [0, 0, -90],
					"cubes": [
						{"origin": [-5, 6.1, 0], "size": [3, 2, 1], "uv": [8, 39]},
						{"origin": [-5.75, 5.6, -0.5], "size": [1, 3, 2], "uv": [16, 39]}
					]
				},
				{
					"name": "leg_right_2",
					"parent": "leg_right",
					"pivot": [-5.75, 7.1, 0.5],
					"cubes": [
						{"origin": [-8.5, 6.6, -0.5], "size": [3, 1, 2], "pivot": [-7.5, 7.1, 0.5], "rotation": [90, 0, 0], "uv": [20, 36]}
					]
				},
				{
					"name": "foot_right",
					"parent": "leg_right_2",
					"pivot": [-7.75, 7.1, 0.5],
					"cubes": [
						{"origin": [-9.25, 6.6, 0.25], "size": [1, 2, 1], "pivot": [-8.75, 7.1, 0.75], "rotation": [90, 0, 0], "uv": [26, 39]}
					]
				},
				{
					"name": "arm_left",
					"parent": "whole",
					"pivot": [2.5, 12.75, 0],
					"cubes": [
						{"origin": [1.49786, 12.28413, -0.40067], "size": [5, 1, 1], "uv": [28, 6]}
					]
				},
				{
					"name": "arm_left_2",
					"parent": "arm_left",
					"pivot": [6, 13.5, 0],
					"cubes": [
						{"origin": [5.74786, 13.03413, -0.90067], "size": [3, 1, 2], "uv": [10, 36]}
					]
				},
				{
					"name": "wrist_left",
					"parent": "arm_left_2",
					"pivot": [9.74786, 14.03413, -0.40067],
					"cubes": [
						{"origin": [8.74786, 13.03413, -1.90067], "size": [2, 2, 3], "uv": [16, 31]}
					]
				},
				{
					"name": "hand_left",
					"parent": "wrist_left",
					"pivot": [10.49786, 14.03413, -0.40067],
					"cubes": [
						{"origin": [10.49786, 13.28413, -1.40067], "size": [2, 1, 2], "uv": [38, 3]}
					]
				},
				{
					"name": "cymbal_left",
					"parent": "hand_left",
					"pivot": [10.49786, 14.28413, -0.40067],
					"cubes": [
						{"origin": [10.99786, 13.53413, -1.90067], "size": [1, 1, 3], "uv": [0, 37]},
						{"origin": [8.49786, 12.53413, -3.40067], "size": [6, 1, 6], "uv": [0, 19]}
					]
				},
				{
					"name": "cymbal_left_2",
					"parent": "cymbal_left",
					"pivot": [11.49786, 14.03413, -0.40067],
					"cubes": [
						{"origin": [7.99786, 12.28413, -3.90067], "size": [7, 1, 7], "uv": [0, 0]}
					]
				},
				{
					"name": "arm_right",
					"parent": "whole",
					"pivot": [-2.5, 12.75, 0],
					"cubes": [
						{"origin": [-6.49786, 12.28413, -0.40067], "size": [5, 1, 1], "uv": [28, 6], "mirror": true}
					]
				},
				{
					"name": "arm_right_2",
					"parent": "arm_right",
					"pivot": [-6, 13.5, 0],
					"cubes": [
						{"origin": [-8.74786, 13.03413, -0.90067], "size": [3, 1, 2], "uv": [10, 36], "mirror": true}
					]
				},
				{
					"name": "wrist_right",
					"parent": "arm_right_2",
					"pivot": [-9.74786, 14.03413, -0.40067],
					"cubes": [
						{"origin": [-10.74786, 13.03413, -1.90067], "size": [2, 2, 3], "uv": [16, 31], "mirror": true}
					]
				},
				{
					"name": "hand_right",
					"parent": "wrist_right",
					"pivot": [-10.49786, 14.03413, -0.40067],
					"cubes": [
						{"origin": [-12.49786, 13.28413, -1.40067], "size": [2, 1, 2], "uv": [38, 3], "mirror": true}
					]
				},
				{
					"name": "cymbal_right",
					"parent": "hand_right",
					"pivot": [-10.49786, 14.28413, -0.40067],
					"cubes": [
						{"origin": [-14.49786, 12.53413, -3.40067], "size": [6, 1, 6], "uv": [0, 19], "mirror": true},
						{"origin": [-11.99786, 13.53413, -1.90067], "size": [1, 1, 3], "uv": [0, 37], "mirror": true}
					]
				},
				{
					"name": "cymbal_right_2",
					"parent": "cymbal_right",
					"pivot": [-10.49786, 14.28413, -0.40067],
					"cubes": [
						{"origin": [-14.99786, 12.28413, -3.90067], "size": [7, 1, 7], "uv": [0, 0], "mirror": true}
					]
				}
			]
		}
	]
}