{
	"format_version": "1.12.0",
	"minecraft:geometry": [
		{
			"description": {
				"identifier": "geometry.ldryce",
				"texture_width": 128,
				"texture_height": 128,
				"visible_bounds_width": 3,
				"visible_bounds_height": 4.5,
				"visible_bounds_offset": [0, 1.75, 0]
			},
			"bones": [
				{
					"name": "ldryce",
					"pivot": [0, 0, 0]
				},
				{
					"name": "ice",
					"parent": "ldryce",
					"pivot": [-24, 0, -13],
					"cubes": [
						{"origin": [-14, 0, -14], "size": [28, 42, 28], "uv": [0, 26]}
					]
				},
				{
					"name": "not_ice",
					"parent": "ldryce",
					"pivot": [0, 0, 0]
				},
				{
					"name": "eyes",
					"parent": "not_ice",
					"pivot": [0, 4, 0]
				},
				{
					"name": "1",
					"parent": "eyes",
					"pivot": [0, 4, 0],
					"cubes": [
						{"origin": [3, 21, -4], "size": [1, 3, 1], "uv": [74, 98]},
						{"origin": [-4, 21, 3], "size": [1, 3, 1], "uv": [74, 98]}
					]
				},
				{
					"name": "2",
					"parent": "eyes",
					"pivot": [0, 21, 0],
					"cubes": [
						{"origin": [-4, 20, -4], "size": [1, 3, 1], "uv": [74, 98]},
						{"origin": [3, 19, 3], "size": [1, 3, 1], "uv": [74, 98]}
					]
				},
				{
					"name": "monster",
					"parent": "not_ice",
					"pivot": [0, 4, 0]
				},
				{
					"name": "particles_1",
					"parent": "monster",
					"pivot": [0, 4, 0],
					"cubes": [
						{"origin": [4, 18, 7], "size": [1, 6, 0], "uv": [92, 97]},
						{"origin": [-2, 22, -4], "size": [1, 6, 0], "uv": [94, 97]},
						{"origin": [8, 12, 4], "size": [2, 4, 0], "pivot": [2, 16, 4], "rotation": [0, 90, 0], "uv": [68, 98]},
						{"origin": [2, 11, 11], "size": [1, 9, 0], "pivot": [-4, 15, 11], "rotation": [0, 90, 0], "uv": [84, 97]}
					]
				},
				{
					"name": "particles_2",
					"parent": "monster",
					"pivot": [0, 21, 0],
					"cubes": [
						{"origin": [10, 24, 0], "size": [1, 4, 0], "pivot": [4, 28, 0], "rotation": [0, 90, 0], "uv": [82, 98]},
						{"origin": [-5, 12, -2], "size": [1, 9, 0], "uv": [84, 97]},
						{"origin": [8, 15, 11], "size": [1, 6, 0], "pivot": [2, 19, 11], "rotation": [0, 90, 0], "uv": [72, 98]},
						{"origin": [3, 16, 7], "size": [1, 6, 0], "uv": [72, 98]},
						{"origin": [3, 12, -3], "size": [2, 4, 0], "uv": [68, 98]}
					]
				},
				{
					"name": "particles_3",
					"parent": "monster",
					"pivot": [0, 4, 0],
					"cubes": [
						{"origin": [-6, 22, 3], "size": [2, 6, 0], "uv": [86, 97]},
						{"origin": [8, 19, 12], "size": [1, 6, 0], "pivot": [2, 23, 12], "rotation": [0, 90, 0], "uv": [92, 97]},
						{"origin": [5, 20, -4], "size": [1, 4, 0], "uv": [82, 98]},
						{"origin": [3, 17, 3], "size": [1, 6, 0], "pivot": [-3, 21, 3], "rotation": [0, 90, 0], "uv": [94, 97]}
					]
				},
				{
					"name": "body",
					"parent": "monster",
					"pivot": [0, 4, 0],
					"cubes": [
						{"origin": [6, 20, 0], "size": [1, 15, 0], "uv": [48, 97]},
						{"origin": [-1, 32, 0], "size": [2, 2, 0], "uv": [100, 96]},
						{"origin": [-2, 14, -2], "size": [4, 12, 4], "uv": [112, 97]},
						{"origin": [-2, 32, 0], "size": [6, 1, 0], "pivot": [0, 9, 0], "rotation": [0, 90, 0], "uv": [60, 97]},
						{"origin": [-3, 7, 0], "size": [4, 2, 0], "uv": [60, 98]},
						{"origin": [6, 5, 0], "size": [1, 11, 0], "uv": [58, 97]},
						{"origin": [-2, 8, 0], "size": [6, 1, 0], "pivot": [0, -15, 0], "rotation": [0, 90, 0], "uv": [72, 97]},
						{"origin": [6, 12, 13], "size": [1, 15, 0], "pivot": [0, 16, 13], "rotation": [0, 90, 0], "uv": [56, 97]},
						{"origin": [-9, 11, 0], "size": [3, 11, 0], "uv": [50, 97]},
						{"origin": [-7, 31, -3], "size": [11, 1, 0], "pivot": [0, 9, -3], "rotation": [0, 90, 0], "uv": [74, 96]},
						{"origin": [6, 8, 0], "size": [1, 6, 0], "pivot": [0, 12, 0], "rotation": [0, 90, 0], "uv": [90, 97]},
						{"origin": [-6, 9, 0], "size": [12, 22, 0], "uv": [0, 96]},
						{"origin": [6, 14, 0], "size": [2, 15, 0], "pivot": [0, 3, 0], "rotation": [0, 90, 0], "uv": [96, 96]},
						{"origin": [-6, 9, 0], "size": [12, 22, 0], "pivot": [0, 9, 0], "rotation": [0, 90, 0], "uv": [24, 96]},
						{"origin": [-9, 31, 0], "size": [13, 1, 0], "uv": [48, 96]}
					]
				}
			]
		}
	]
}