
{
    "portraitScale": 2.3,
    "portraitTranslation": [ 0, -1.25, 0 ],
    "profileScale": 1.8,
    "profileTranslation": [ 0, -0.9, 0 ],
    "faint": "bedrock(ball, faint)",
    "poses": {
        "standing": {
            "poseName": "standing",
            "transformTicks": 10,
            "poseTypes": [
            "STAND",
            "NONE",
            "PORTRAIT",
            "WALK",
            "SLEEP",
            "SWIM",
            "PROFILE"
            ],
            "animations": [
            "look",
            "bedrock(ball, ground_idle)"
            ]
        }
    }
}