
{
  "portraitScale": 2,
  "portraitTranslation": [ 0, -0.65, 0 ],
  "profileScale": 1,
  "profileTranslation": [ 0, 0.1, 0 ],
  "faint": "bedrock(brasimian, faint)",
  "poses": {
    "standing": {
        "poseName": "standing",
        "transformTicks": 10,
        "poseTypes": [
        "STAND",
        "NONE",
        "PORTRAIT",
        "PROFILE",
        "SWIM",
        "FLOAT"
        ],
        "animations": [
        "look",
        "bedrock(brasimian, ground_idle)"
        ]
    },
    "walking": {
        "poseName": "walking",
        "transformTicks": 10,
        "poseTypes": [ "WALK" ],
        "animations": [ "bedrock(brasimian, ground_walking)" ]
    }
  }
}
  