
{
    "portraitScale": 2,
    "portraitTranslation": [ -0.2, -0.2, 0 ],
    "profileScale": 1,
    "profileTranslation": [ 0, 0.1, 0 ],
    "faint": "bedrock(ninjanuff, faint)",
    "cry": "bedrock(ninjanuff, cry)",
    "poses": {
    "standing": {
        "poseName": "standing",
        "transformTicks": 10,
        "poseTypes": [
        "STAND",
        "NONE",
        "PORTRAIT",
        "PROFILE",
        "SLEEP"
        ],
        "animations": [
        "look",
        "bedrock(ninjanuff, ground_idle)"
        ]
    },
    "walking": {
        "poseName": "walking",
        "transformTicks": 10,
        "poseTypes": [ "WALK" ],
        "animations": [ "bedrock(ninjanuff, ground_walk)" ]
    }
    },
    "sleep": {
        "poseName": "sleep",
        "transformTicks": 10,
        "poseTypes": [ "SLEEP" ],
        "animations": [ "bedrock(ninjanuff, sleep)" ]
    },
    "air": {
        "poseName": "air",
        "transformTicks": 10,
        "poseTypes": [ "HOVER" ],
        "animations": [ "bedrock(ninjanuff, air_idle)" ]
    },
    "flying": {
        "poseName": "air_flying",
        "transformTicks": 10,
        "poseTypes": [ "FLY" ],
        "animations": [ "bedrock(ninjanuff, air_fly)" ]
    }
  }
    