
{
    "portraitScale": 1.8,
    "portraitTranslation": [ 0.1, 0.6, 0 ],
    "profileScale": 1,
    "profileTranslation": [ 0, 0.4, 0 ],
    "faint": "bedrock(pyrate, faint)",
    "cry": "bedrock(pyrate, cry)",
    "poses": {
    "standing": {
        "poseName": "standing",
        "transformTicks": 10,
        "poseTypes": [
        "STAND",
        "PORTRAIT",
        "PROFILE",
        "SLEEP"
        ],
        "animations": [
        "look",
        "bedrock(pyrate, ground_idle)"
        ]
    },
    "walking": {
        "poseName": "walking",
        "transformTicks": 10,
        "poseTypes": [ "WALK" ],
        "animations": [ "bedrock(pyrate, ground_walking)" ]
    }
  }
}
    