
{
    "portraitScale": 2.3,
    "portraitTranslation": [ 0, -1.25, 0 ],
    "profileScale": 1.8,
    "profileTranslation": [ 0, -0.9, 0 ],
    "faint": "bedrock(amogus, faint)",
    "cry": "bedrock(amogus, cry)",
    "poses": {
    "standing": {
        "poseName": "standing",
        "transformTicks": 10,
        "poseTypes": [
        "STAND",
        "NONE",
        "PORTRAIT",
        "PROFILE",
        "SLEEP"
        ],
        "animations": [
        "look",
        "bedrock(amogus, ground_idle)"
        ]
    },
    "walking": {
        "poseName": "walking",
        "transformTicks": 10,
        "poseTypes": [ "WALK" ],
        "animations": [ "bedrock(amogus, ground_walk)" ]
    },
    "floating": {
        "poseName": "floating",
        "transformTicks": 10,
        "poseTypes": [ "FLOAT" ],
        "animations": [ "bedrock(amogus, water_idle)" ]
    },
    "swimming": {
        "poseName": "swimming",
        "transformTicks": 10,
        "poseTypes": [ "SWIM" ],
        "animations": [ "bedrock(amogus, water_swim)" ]
        }
    },
    "sleep": {
        "poseName": "sleep",
        "transformTicks": 10,
        "poseTypes": [ "SLEEP" ],
        "animations": [ "bedrock(amogus, sleep)" ]
    }
  }
    