
{
    "portraitScale": 2.3,
    "portraitTranslation": [ 0, 0, 0 ],
    "profileScale": 1.8,
    "profileTranslation": [ 0, 0, 0 ],
    "faint": "bedrock(cthulytl, faint)",
    "poses": {
    "standing": {
        "poseName": "standing",
        "transformTicks": 10,
        "poseTypes": [
        "STAND",
        "NONE",
        "PORTRAIT",
        "PROFILE"
        ],
        "animations": [
        "look",
        "bedrock(cthulytl, ground_idle)"
        ]
    },
    "walking": {
        "poseName": "walking",
        "transformTicks": 10,
        "poseTypes": [ "WALK" ],
        "animations": [ "bedrock(cthulytl, ground_idle)" ]
    }
  }
}
    