
{
    "portraitScale": 2.3,
    "portraitTranslation": [ 0, 0, 0 ],
    "profileScale": 1.3,
    "profileTranslation": [ 0, 0.3, 0 ],
    "faint": "bedrock(cthulytl, faint)",
    "poses": {
    "standing": {
        "poseName": "standing",
        "transformTicks": 10,
        "poseTypes": [
        "STAND",
        "NONE",
        "PORTRAIT",
        "FLY",
        "HOVER",
        "PROFILE"
        ],
        "animations": [
        "look",
        "bedrock(cthulytl, ground_idle)"
        ]
    }
  }
}
    