
{
    "portraitScale": 2,
    "portraitTranslation": [ 0, -0.65, 0 ],
    "profileScale": 1,
    "profileTranslation": [ 0, 0.1, 0 ],
    "faint": "bedrock(impostor, faint)",
    "cry": "bedrock(impostor, cry)",
    "poses": {
    "standing": {
        "poseName": "standing",
        "transformTicks": 10,
        "poseTypes": [
        "STAND",
        "NONE",
        "PORTRAIT",
        "PROFILE"
        ],
        "animations": [
        "look",
        "bedrock(impostor, ground_idle)"
        ]
    },
    "walking": {
        "poseName": "walking",
        "transformTicks": 10,
        "poseTypes": [ "WALK" ],
        "animations": [ "bedrock(impostor, ground_walk)" ]
    },
    "floating": {
        "poseName": "floating",
        "transformTicks": 10,
        "poseTypes": [ "FLOAT" ],
        "animations": [ "bedrock(impostor, water_idle)" ]
    },
    "swimming": {
        "poseName": "swimming",
        "transformTicks": 10,
        "poseTypes": [ "SWIM" ],
        "animations": [ "bedrock(impostor, water_swim)" ]
        }
    },
    "sleep": {
        "poseName": "sleep",
        "transformTicks": 10,
        "poseTypes": [ "SLEEP" ],
        "animations": [ "bedrock(impostor, sleep)" ]
    }
  }
    