
{
    "portraitScale": 2.3,
    "portraitTranslation": [ 0, -1.25, 0 ],
    "profileScale": 1.8,
    "profileTranslation": [ 0, -0.9, 0 ],
    "faint": "bedrock(ninjanuff, faint)",
    "cry": "bedrock(ninjanuff, cry)",
    "poses": {
    "standing": {
        "poseName": "standing",
        "transformTicks": 10,
        "poseTypes": [
        "STAND",
        "NONE",
        "PORTRAIT",
        "PROFILE",
        "SLEEP"
        ],
        "animations": [
        "look",
        "bedrock(ninjanuff, ground_idle)"
        ]
    },
    "walking": {
        "poseName": "walking",
        "transformTicks": 10,
        "poseTypes": [ "WALK" ],
        "animations": [ "bedrock(ninjanuff, ground_walk)" ]
    }
    },
    "sleep": {
        "poseName": "sleep",
        "transformTicks": 10,
        "poseTypes": [ "SLEEP" ],
        "animations": [ "bedrock(ninjanuff, sleep)" ]
    },
    "running": {
        "poseName": "running",
        "transformTicks": 10,
        "poseTypes": [ "RUN" ],
        "animations": [ "bedrock(ninjanuff, ground_run)" ]
    },
    "air": {
        "poseName": "air",
        "transformTicks": 10,
        "poseTypes": [ "RUN" ],
        "animations": [ "bedrock(ninjanuff, air_idle)" ]
    },
    "flying": {
        "poseName": "air_flying",
        "transformTicks": 10,
        "poseTypes": [ "RUN" ],
        "animations": [ "bedrock(ninjanuff, air_flying)" ]
    }
  }
    