{
  "portraitScale": 1.25,
  "portraitTranslation": [0, 0.5, 0],
  "profileScale": 0.8,
  "profileTranslation": [0, 0.4, 0],
  "poses": {
    "standing": {
      "poseName": "standing",
      "transformTicks": 10,
      "poseTypes": ["STAND", "NONE", "PORTRAIT", "PROFILE"],
      "animations": [
        "bedrock(tentaquil, ground_idle)"
      ]
    },
    "walking": {
      "poseName": "walking",
      "transformTicks": 10,
      "poseTypes": ["WALK"],
      "animations": [
        "bedrock(tentaquil, ground_walk)"
      ]
    },
    "floating": {
      "poseName": "floating",
      "transformTicks": 10,
      "poseTypes": ["FLOAT"],
      "animations": [
        "bedrock(tentaquil, water_idle)"
      ]
    },
    "swimming": {
      "poseName": "swimming",
      "transformTicks": 10,
      "poseTypes": ["SWIM"],
      "animations": [
        "bedrock(tentaquil, water_swim)"
      ]
    }
  }
}