{
	"format_version": "1.12.0",
	"minecraft:geometry": [
		{
			"description": {
				"identifier": "geometry.soliux",
				"texture_width": 128,
				"texture_height": 128,
				"visible_bounds_width": 4,
				"visible_bounds_height": 2.5,
				"visible_bounds_offset": [0, 0.75, 0]
			},
			"bones": [
				{
					"name": "soliux",
					"pivot": [0, 0, 0]
				},
				{
					"name": "head",
					"parent": "soliux",
					"pivot": [0, 9, -11],
					"rotation": [12.5, 0, 0],
					"cubes": [
						{"origin": [-1.5, 8, -16], "size": [3, 2, 6], "pivot": [0, 8, -11], "rotation": [5, 0, 0], "uv": [40, 39]},
						{"origin": [-1, 10, -15], "size": [2, 2, 5], "pivot": [0, 10, -10], "rotation": [25, 0, 0], "uv": [58, 38]},
						{"origin": [-1, 7, -15], "size": [2, 2, 5], "pivot": [0, 7, -11], "rotation": [-2.5, 0, 0], "uv": [0, 59]}
					]
				},
				{
					"name": "head_fluff_l",
					"parent": "head",
					"pivot": [-2, 10, -13],
					"cubes": [
						{"origin": [-3, 8, -13], "size": [0, 2, 4], "pivot": [-2, 8, -12], "rotation": [-18.25612, 8.31087, 23.66235], "uv": [70, 69]},
						{"origin": [-3, 7, -15], "size": [0, 2, 5], "pivot": [-2, 7, -13], "rotation": [-40.80712, -1.55667, 19.59743], "uv": [66, 62]}
					]
				},
				{
					"name": "head_fluff_r",
					"parent": "head",
					"pivot": [2, 10, -13],
					"cubes": [
						{"origin": [3, 8, -13], "size": [0, 2, 4], "pivot": [2, 8, -12], "rotation": [-18.25612, -8.31087, -23.66235], "uv": [70, 23]},
						{"origin": [3, 7, -15], "size": [0, 2, 5], "pivot": [2, 7, -13], "rotation": [-40.80712, 1.55667, -19.59743], "uv": [68, 10]}
					]
				},
				{
					"name": "ear_l",
					"parent": "head",
					"pivot": [-2, 10, -12],
					"cubes": [
						{"origin": [-2, 9, -12], "size": [1, 4, 2], "pivot": [-1, 10, -11], "rotation": [-35, 0, 0], "uv": [72, 44]},
						{"origin": [-2, 9, -11], "size": [0, 3, 2], "pivot": [-1, 10, -11], "rotation": [-49.87739, -1.93597, -7.24721], "uv": [48, 75]}
					]
				},
				{
					"name": "ear_r",
					"parent": "head",
					"pivot": [2, 10, -12],
					"cubes": [
						{"origin": [1, 9, -12], "size": [1, 4, 2], "pivot": [1, 10, -11], "rotation": [-35, 0, 0], "uv": [74, 50]},
						{"origin": [2, 9, -11], "size": [0, 3, 2], "pivot": [1, 10, -11], "rotation": [-49.87739, 1.93597, 7.24721], "uv": [26, 64]}
					]
				},
				{
					"name": "brella",
					"parent": "head",
					"pivot": [0, 8, -16],
					"cubes": [
						{"origin": [-11, 7, -16], "size": [14, 1, 1], "pivot": [0, 7, -17], "rotation": [-5.63123, -0.73219, 17.68529], "uv": [34, 11]},
						{"origin": [-13.864, 6.58097, -14.88097], "size": [11, 1, 1], "pivot": [0, 7, -17], "rotation": [-6.38454, -3.05391, 18.25136], "uv": [46, 31]},
						{"origin": [-14, 6.5, -18], "size": [11, 1, 1], "pivot": [0, 7, -17], "rotation": [-3.44076, 6.82192, 18.6081], "uv": [46, 29]},
						{"origin": [-13.93894, 5.65784, -15.96369], "size": [11, 1, 1], "pivot": [0, 6, -17], "rotation": [-5.45593, -0.22031, 20.12459], "uv": [46, 27]},
						{"origin": [-12.99167, 8.8728, -15.97975], "size": [10, 1, 1], "pivot": [0, 9, -17], "rotation": [-5.81264, 0.12597, 9.82985], "uv": [48, 23]}
					]
				},
				{
					"name": "body",
					"parent": "soliux",
					"pivot": [0, 1, -5],
					"cubes": [
						{"origin": [-1.5, 7, -10], "size": [3, 3, 8], "pivot": [0, 8, -9], "rotation": [22.5, 0, 0], "uv": [34, 0]},
						{"origin": [-2, 7, -3], "size": [4, 3, 8], "pivot": [0, 8, -2], "rotation": [10, 0, 0], "uv": [0, 26]},
						{"origin": [-3, 7, -7], "size": [6, 3, 11], "pivot": [0, 8, -6], "rotation": [-5, 0, 0], "uv": [0, 0]},
						{"origin": [-1, 6, -10], "size": [2, 3, 9], "pivot": [0, 6, -9], "rotation": [-12.5, 0, 0], "uv": [24, 27]},
						{"origin": [-2, 6, -3], "size": [4, 3, 9], "pivot": [0, 6, -2], "rotation": [-12.5, 0, 0], "uv": [0, 14]},
						{"origin": [-3, 5, -1], "size": [0, 2, 3], "pivot": [-2, 5, 0], "rotation": [-15, -22.5, 0], "uv": [42, 75]},
						{"origin": [3, 5, -1], "size": [0, 2, 3], "pivot": [2, 5, 0], "rotation": [-15, 22.5, 0], "uv": [60, 75]}
					]
				},
				{
					"name": "leg_fl",
					"parent": "body",
					"pivot": [-2, 8, -6],
					"cubes": [
						{"origin": [-4, 6, -8], "size": [2, 2, 4], "pivot": [-3, 6, -7], "rotation": [-15, -12.5, 0], "uv": [42, 62]},
						{"origin": [-4, 4, -7], "size": [1, 2, 4], "pivot": [-3, 4, -5], "rotation": [-70, 0, 0], "uv": [68, 17]},
						{"origin": [-3, 0, -5], "size": [1, 4, 1], "pivot": [-2, 1, -4], "rotation": [-17.25002, -2.99318, -9.54589], "uv": [66, 75]}
					]
				},
				{
					"name": "foot_fl",
					"parent": "leg_fl",
					"pivot": [-2, 1, -4],
					"cubes": [
						{"origin": [-3, 0, -8], "size": [1, 1, 4], "pivot": [-2, 0, -5], "rotation": [12.51376, -2.84216, -2.26877], "uv": [66, 33]}
					]
				},
				{
					"name": "leg_fl_fluff",
					"parent": "leg_fl",
					"pivot": [-4, 7, -6],
					"cubes": [
						{"origin": [-5, 7, -6], "size": [0, 2, 3], "pivot": [-4, 7, -5], "rotation": [19.27896, -38.3808, -12.25294], "uv": [8, 75]},
						{"origin": [-5, 6, -6], "size": [0, 2, 4], "pivot": [-4, 6, -5], "rotation": [7.66375, -43.16453, -24.64599], "uv": [0, 72]}
					]
				},
				{
					"name": "leg_fr",
					"parent": "body",
					"pivot": [2, 8, -6],
					"cubes": [
						{"origin": [2, 6, -8], "size": [2, 2, 4], "pivot": [3, 6, -7], "rotation": [-15, 12.5, 0], "uv": [54, 62]},
						{"origin": [3, 4, -7], "size": [1, 2, 4], "pivot": [3, 4, -5], "rotation": [-70, 0, 0], "uv": [60, 69]},
						{"origin": [2, 0, -5], "size": [1, 4, 1], "pivot": [2, 1, -4], "rotation": [-17.25002, 2.99318, 9.54589], "uv": [70, 75]}
					]
				},
				{
					"name": "foot_fr",
					"parent": "leg_fr",
					"pivot": [2, 1, -4],
					"cubes": [
						{"origin": [2, 0, -8], "size": [1, 1, 4], "pivot": [2, 0, -5], "rotation": [12.51376, 2.84216, 2.26877], "uv": [12, 70]}
					]
				},
				{
					"name": "leg_fr_fluff",
					"parent": "leg_fr",
					"pivot": [4, 7, -6],
					"cubes": [
						{"origin": [5, 7, -6], "size": [0, 2, 3], "pivot": [4, 7, -5], "rotation": [19.27896, 38.3808, 12.25294], "uv": [14, 75]},
						{"origin": [5, 6, -6], "size": [0, 2, 4], "pivot": [4, 6, -5], "rotation": [7.66375, 43.16453, 24.64599], "uv": [72, 38]}
					]
				},
				{
					"name": "leg_bl",
					"parent": "body",
					"pivot": [-4, 7, 4],
					"cubes": [
						{"origin": [-4, 4, 3], "size": [2, 3, 4], "pivot": [-3, 5, 5], "rotation": [-12.2127, 2.68507, 12.2127], "uv": [60, 45]},
						{"origin": [-3.5, 3, 5], "size": [2, 2, 4], "pivot": [-2, 2, 7], "rotation": [7.5, 0, 0], "uv": [14, 64]},
						{"origin": [-3, 0.5, 8], "size": [1, 3, 1], "pivot": [-2, 1, 9], "rotation": [5, 0, 0], "uv": [74, 75]}
					]
				},
				{
					"name": "foot_bl",
					"parent": "leg_bl",
					"pivot": [-3, 1, 8],
					"cubes": [
						{"origin": [-3.5, 0, 6], "size": [1, 1, 3], "pivot": [-3, 0, 8], "rotation": [5, 0, 0], "uv": [70, 29]}
					]
				},
				{
					"name": "leg_br",
					"parent": "body",
					"pivot": [4, 7, 4],
					"cubes": [
						{"origin": [2, 4, 3], "size": [2, 3, 4], "pivot": [3, 5, 5], "rotation": [-12.2127, -2.68507, -12.2127], "uv": [30, 62]},
						{"origin": [1.5, 3, 5], "size": [2, 2, 4], "pivot": [3, 2, 7], "rotation": [7.5, 0, 0], "uv": [0, 66]},
						{"origin": [2, 0.5, 8], "size": [1, 3, 1], "pivot": [2, 1, 9], "rotation": [7.5, 0, 0], "uv": [76, 0]}
					]
				},
				{
					"name": "foot_br",
					"parent": "leg_br",
					"pivot": [3, 1, 8],
					"cubes": [
						{"origin": [2.5, 0, 6], "size": [1, 1, 3], "pivot": [3, 0, 8], "rotation": [5, 0, 0], "uv": [74, 56]}
					]
				},
				{
					"name": "tail",
					"parent": "body",
					"pivot": [0, 7, 5],
					"rotation": [0, 0, 0],
					"cubes": [
						{"origin": [-1, 6, 3], "size": [2, 2, 8], "pivot": [0, 6, 7], "rotation": [-10, 0, 0], "uv": [0, 37]},
						{"origin": [-2, 6, 10], "size": [4, 4, 6], "pivot": [0, 7, 12], "rotation": [32.5, 0, 0], "uv": [20, 39]},
						{"origin": [-1.5, 6, 11], "size": [3, 0, 5], "pivot": [-1, 7, 12], "rotation": [15, 0, 0], "uv": [14, 59]}
					]
				},
				{
					"name": "tail_back",
					"parent": "tail",
					"pivot": [0, 9, 13],
					"cubes": [
						{"origin": [-2.5, 9, 11], "size": [5, 7, 6], "uv": [26, 14]},
						{"origin": [-3, 11, 13], "size": [0, 5, 4], "pivot": [-2, 11, 13], "rotation": [-22.5, 0, -10], "uv": [52, 68]},
						{"origin": [3, 11, 13], "size": [0, 5, 4], "pivot": [1, 11, 13], "rotation": [-22.5, 0, 10], "uv": [26, 69]}
					]
				},
				{
					"name": "tail_backer",
					"parent": "tail_back",
					"pivot": [0, 16, 16],
					"cubes": [
						{"origin": [-1.5, 12, 8], "size": [3, 8, 4], "pivot": [0, 17, 11], "rotation": [67.5, 0, 0], "uv": [0, 47]},
						{"origin": [-1, 16, 8], "size": [2, 4, 3], "pivot": [0, 18, 11], "rotation": [-22.5, 0, 0], "uv": [42, 68]}
					]
				},
				{
					"name": "breller_2",
					"parent": "body",
					"pivot": [3, 11, -3],
					"rotation": [-19.13715, 11.38521, 40.95354],
					"cubes": [
						{"origin": [2, 10, 2], "size": [1, 10, 1], "uv": [38, 69]},
						{"origin": [-2, 19, -2], "size": [5, 0, 5], "pivot": [1, 19, 2], "rotation": [15, 0, -20], "uv": [14, 49]},
						{"origin": [2, 19, -2], "size": [5, 0, 5], "pivot": [5, 19, 2], "rotation": [14.51082, -3.84097, 14.51082], "uv": [34, 52]},
						{"origin": [-2, 18, 2], "size": [5, 0, 5], "pivot": [1, 18, 6], "rotation": [-19.37006, -5.07855, -19.13272], "uv": [14, 54]},
						{"origin": [2, 18, 2], "size": [5, 0, 5], "pivot": [5, 18, 6], "rotation": [-16.93839, 4.46375, 14.33501], "uv": [54, 52]}
					]
				},
				{
					"name": "breller_3",
					"parent": "body",
					"pivot": [2, 8, -9],
					"rotation": [20.03097, -18.85804, 54.54281],
					"cubes": [
						{"origin": [1, 7, -4], "size": [1, 10, 1], "uv": [22, 70]},
						{"origin": [-3, 16, -8], "size": [5, 0, 5], "pivot": [0, 16, -4], "rotation": [15, 0, -20], "uv": [56, 0]},
						{"origin": [1, 16, -8], "size": [5, 0, 5], "pivot": [4, 16, -4], "rotation": [14.51082, -3.84097, 14.51082], "uv": [56, 5]},
						{"origin": [-3, 15, -4], "size": [5, 0, 5], "pivot": [0, 15, 0], "rotation": [-19.37006, -5.07855, -19.13272], "uv": [34, 57]},
						{"origin": [1, 15, -4], "size": [5, 0, 5], "pivot": [4, 15, 0], "rotation": [-16.93839, 4.46375, 14.33501], "uv": [54, 57]}
					]
				},
				{
					"name": "breller_1",
					"parent": "body",
					"pivot": [-2, 8, -6],
					"rotation": [21.46872, 13.12479, -40.00135],
					"cubes": [
						{"origin": [-3, 7, -1], "size": [1, 10, 1], "uv": [34, 69]},
						{"origin": [-7, 16, -5], "size": [5, 0, 5], "pivot": [-4, 16, -1], "rotation": [15, 0, -20], "uv": [46, 33]},
						{"origin": [-3, 16, -5], "size": [5, 0, 5], "pivot": [0, 16, -1], "rotation": [14.51082, -3.84097, 14.51082], "uv": [40, 47]},
						{"origin": [-7, 15, -1], "size": [5, 0, 5], "pivot": [-4, 15, 3], "rotation": [-19.37006, -5.07855, -19.13272], "uv": [48, 13]},
						{"origin": [-3, 15, -1], "size": [5, 0, 5], "pivot": [0, 15, 3], "rotation": [-16.93839, 4.46375, 14.33501], "uv": [48, 18]}
					]
				}
			]
		}
	]
}