{
	"format_version": "1.12.0",
	"minecraft:geometry": [
		{
			"description": {
				"identifier": "geometry.hohenheim",
				"texture_width": 64,
				"texture_height": 64,
				"visible_bounds_width": 3,
				"visible_bounds_height": 3.5,
				"visible_bounds_offset": [0, 1.25, 0]
			},
			"bones": [
				{
					"name": "hohenheim",
					"pivot": [0.40958, 0, -0.28679]
				},
				{
					"name": "head",
					"parent": "hohenheim",
					"pivot": [-0.09042, 16, -0.28679],
					"rotation": [15, 0, 0],
					"cubes": [
						{"origin": [-4.99864, 21.87543, -1.02797], "size": [5, 4, 2], "pivot": [-2.59042, 21, -0.28679], "rotation": [0, 0, 25], "uv": [0, 0]},
						{"origin": [-0.59042, 16, -0.78679], "size": [1, 7, 1], "pivot": [0.40958, 18, -0.28679], "rotation": [0, 0, 7.5], "uv": [20, 41]},
						{"origin": [-0.59042, 14, -1.28679], "size": [1, 4, 1], "pivot": [-0.59042, 16, -0.28679], "rotation": [0, 42.5, 22.5], "uv": [26, 6]},
						{"origin": [-0.59042, 16, -0.28679], "size": [1, 2, 1], "pivot": [0.40958, 16, -0.28679], "rotation": [-9.6658, -2.57594, -14.78217], "uv": [4, 45]}
					]
				},
				{
					"name": "eyes",
					"parent": "head",
					"pivot": [-1.59042, 22.93185, -0.01915],
					"cubes": [
						{"origin": [-4.08507, 22.7674, -1.27797], "size": [1.25, 1.25, 0], "pivot": [-2.59042, 21, -0.78679], "rotation": [0, 0, 22.5], "uv": [28, 45]},
						{"origin": [-3.96007, 22.8924, -1.57797], "size": [1, 1, 0], "pivot": [-2.59042, 21, -1.03679], "rotation": [0, 0, 22.5], "uv": [30, 48]},
						{"origin": [-1.8415, 23.83266, -1.27797], "size": [1.25, 1.25, 0], "pivot": [-0.59042, 22, -0.78679], "rotation": [0, 0, 7.5], "uv": [48, 7]},
						{"origin": [-1.7165, 23.95766, -1.57797], "size": [1, 1, 0], "pivot": [-0.59042, 22, -1.03679], "rotation": [0, 0, 7.5], "uv": [48, 30]},
						{"origin": [-0.58935, 21.83266, -1.27797], "size": [1.25, 1.25, 0], "pivot": [0.40958, 20, -0.78679], "rotation": [0, 0, -7.5], "uv": [48, 29]},
						{"origin": [-0.46435, 21.95766, -1.57797], "size": [1, 1, 0], "pivot": [0.40958, 20, -1.03679], "rotation": [0, 0, -7.5], "uv": [48, 31]}
					]
				},
				{
					"name": "hand3",
					"parent": "head",
					"pivot": [-2.59042, 22.96593, -0.02797],
					"rotation": [40.06518, -14.93498, -158.53613],
					"cubes": [
						{"origin": [-3.59042, 23.46593, 0.97203], "size": [1, 2, 0], "pivot": [-2.59042, 22.96593, -0.02797], "rotation": [0, 0, -22.5], "uv": [22, 47]},
						{"origin": [-3.59042, 25.46593, -0.02797], "size": [1, 0, 1], "pivot": [-2.59042, 22.96593, -0.02797], "rotation": [0, 0, -22.5], "uv": [46, 9]},
						{"origin": [-3.59042, 22.96593, 0.97203], "size": [1, 2, 0], "pivot": [-2.59042, 22.96593, -0.02797], "rotation": [0, 0, 22.5], "uv": [38, 47]},
						{"origin": [-3.59042, 24.96593, -0.02797], "size": [1, 0, 1], "pivot": [-2.59042, 22.96593, -0.02797], "rotation": [0, 0, 22.5], "uv": [10, 46]}
					]
				},
				{
					"name": "hand2",
					"parent": "head",
					"pivot": [-1.59042, 24.96593, -0.02797],
					"rotation": [80, 0, 25],
					"cubes": [
						{"origin": [-2.59042, 25.46593, 0.97203], "size": [1, 2, 0], "pivot": [-1.59042, 24.96593, -0.02797], "rotation": [0, 0, -22.5], "uv": [4, 38]},
						{"origin": [-2.59042, 27.46593, -0.02797], "size": [1, 0, 1], "pivot": [-1.59042, 24.96593, -0.02797], "rotation": [0, 0, -22.5], "uv": [0, 46]},
						{"origin": [-2.59042, 24.96593, 0.97203], "size": [1, 2, 0], "pivot": [-1.59042, 24.96593, -0.02797], "rotation": [0, 0, 22.5], "uv": [20, 39]},
						{"origin": [-2.59042, 26.96593, -0.02797], "size": [1, 0, 1], "pivot": [-1.59042, 24.96593, -0.02797], "rotation": [0, 0, 22.5], "uv": [46, 8]}
					]
				},
				{
					"name": "hand4",
					"parent": "head",
					"pivot": [1.40958, 21.96593, -0.02797],
					"rotation": [149.13252, -12.95254, 110.13074],
					"cubes": [
						{"origin": [0.40958, 23.46593, -0.52797], "size": [1, 2, 0], "pivot": [1.40958, 22.96593, -1.52797], "rotation": [-80, 0, -12.5], "uv": [44, 47]}
					]
				},
				{
					"name": "hand4_hand",
					"parent": "hand4",
					"pivot": [0.87239, 22.28603, 0.79146],
					"cubes": [
						{"origin": [0.40958, 22.46593, 0.97203], "size": [1, 2, 0], "pivot": [1.40958, 21.96593, -0.02797], "rotation": [0, 0, -22.5], "uv": [40, 47]},
						{"origin": [0.40958, 21.96593, 0.97203], "size": [1, 2, 0], "pivot": [1.40958, 21.96593, -0.02797], "rotation": [0, 0, 22.5], "uv": [42, 47]},
						{"origin": [0.40958, 24.46593, -0.02797], "size": [1, 0, 1], "pivot": [1.40958, 21.96593, -0.02797], "rotation": [0, 0, -22.5], "uv": [46, 10]},
						{"origin": [0.40958, 23.96593, -0.02797], "size": [1, 0, 1], "pivot": [1.40958, 21.96593, -0.02797], "rotation": [0, 0, 22.5], "uv": [46, 11]}
					]
				},
				{
					"name": "hand5",
					"parent": "head",
					"pivot": [-0.09042, 17, 0.21321],
					"rotation": [21.64743, -7.43547, 13.06431],
					"cubes": [
						{"origin": [-1.09042, 17.5, 1.21321], "size": [1, 2, 0], "pivot": [0.40958, 17, -0.28679], "rotation": [0, 0, -22.5], "uv": [46, 47]},
						{"origin": [-1.09042, 19.5, 0.21321], "size": [1, 0, 1], "pivot": [0.40958, 17, -1.28679], "rotation": [0, 0, -22.5], "uv": [46, 12]},
						{"origin": [-1.09042, 17, 1.21321], "size": [1, 2, 0], "pivot": [0.40958, 17, -0.28679], "rotation": [0, 0, 22.5], "uv": [0, 48]},
						{"origin": [-1.09042, 19, 0.21321], "size": [1, 0, 1], "pivot": [0.40958, 17, -1.28679], "rotation": [0, 0, 22.5], "uv": [46, 21]}
					]
				},
				{
					"name": "arm_l",
					"parent": "hohenheim",
					"pivot": [-1.59042, 15, -0.28679],
					"cubes": [
						{"origin": [-3.59042, 12, -2.28679], "size": [2, 4, 2], "pivot": [-2.59042, 14, -1.28679], "rotation": [-10, 0, 40], "uv": [14, 0]},
						{"origin": [-2.59042, 12, -3.28679], "size": [5, 2, 2], "pivot": [-1.59042, 12, -2.28679], "rotation": [0, 0, -27.5], "uv": [12, 6]}
					]
				},
				{
					"name": "hand6",
					"parent": "arm_l",
					"pivot": [2.29659, 14.46175, -3.28679],
					"rotation": [-52.5, 0, 62.5],
					"cubes": [
						{"origin": [1.29659, 14.96175, -2.28679], "size": [1, 2, 0], "pivot": [2.29659, 14.46175, -3.28679], "rotation": [6.81894, 7.95561, -42.54793], "uv": [2, 48]},
						{"origin": [1.29659, 16.96175, -2.28679], "size": [1, 0, 1], "pivot": [2.29659, 14.46175, -2.28679], "rotation": [6.81894, 7.95561, -42.54793], "uv": [46, 22]},
						{"origin": [1.29659, 14.46175, -2.28679], "size": [1, 2, 0], "pivot": [2.29659, 14.46175, -3.28679], "rotation": [10.43009, 0.84339, 2.05431], "uv": [48, 3]},
						{"origin": [1.29659, 16.46175, -2.28679], "size": [1, 0, 1], "pivot": [2.29659, 14.46175, -2.28679], "rotation": [10.43009, 0.84339, 2.05431], "uv": [46, 23]}
					]
				},
				{
					"name": "arm_r",
					"parent": "hohenheim",
					"pivot": [0.40958, 15, -0.28679],
					"cubes": [
						{"origin": [5.40958, 13, -3.28679], "size": [2, 4, 2], "pivot": [5.40958, 4, -2.28679], "rotation": [-8.6822, -4.98093, -29.62165], "uv": [22, 0]},
						{"origin": [0.40958, 11, -4.28679], "size": [2, 2, 4], "pivot": [1.40958, 11, -1.28679], "rotation": [-8.21888, -5.71617, -34.58897], "uv": [12, 10]}
					]
				},
				{
					"name": "hand7",
					"parent": "arm_r",
					"pivot": [0.40958, 12, -3.28679],
					"rotation": [-175, 5, 145],
					"cubes": [
						{"origin": [-0.59042, 12.5, -2.28679], "size": [1, 2, 0], "pivot": [0.40958, 12, -3.28679], "rotation": [0, 0, -22.5], "uv": [4, 48]},
						{"origin": [-0.59042, 14.5, -3.28679], "size": [1, 0, 1], "pivot": [0.40958, 12, -3.28679], "rotation": [0, 0, -22.5], "uv": [46, 24]},
						{"origin": [-0.59042, 12, -2.28679], "size": [1, 2, 0], "pivot": [0.40958, 12, -3.28679], "rotation": [0, 0, 22.5], "uv": [48, 5]},
						{"origin": [-0.59042, 14, -3.28679], "size": [1, 0, 1], "pivot": [0.40958, 12, -3.28679], "rotation": [0, 0, 22.5], "uv": [46, 25]}
					]
				},
				{
					"name": "coat_back_panel2",
					"parent": "hohenheim",
					"pivot": [-0.59042, 0, -0.28679],
					"rotation": [0, -35, 0],
					"cubes": [
						{"origin": [-2.59042, 8, 1.21321], "size": [3, 7, 0], "pivot": [-0.59042, 13, 0.71321], "rotation": [12.5, 0, 0], "uv": [16, 32]},
						{"origin": [-3.91935, 7.89531, 1.68544], "size": [2, 5, 0], "pivot": [-0.59042, 13, 0.71321], "rotation": [12.5, -30, 0], "uv": [30, 41]},
						{"origin": [-2.59042, 0.4, 4.71321], "size": [3, 8, 0], "pivot": [-0.59042, 5.2, 3.71321], "rotation": [42.5, 0, 0], "uv": [24, 10]},
						{"origin": [-8.05453, -1.24186, 11.96745], "size": [3, 4, 0], "pivot": [-0.59042, 0.8, 10.71321], "rotation": [80, -25, 0], "uv": [42, 31]},
						{"origin": [-5.32247, -0.09457, 5.25294], "size": [3, 8, 0], "pivot": [-0.59042, 5.2, 3.71321], "rotation": [42.5, -25, 0], "uv": [16, 24]},
						{"origin": [1.57143, 0.14918, 11.72217], "size": [2, 4, 0], "pivot": [-0.59042, 0.8, 10.71321], "rotation": [80, 17.5, 0], "uv": [44, 13]},
						{"origin": [-0.6245, 0.57486, 4.52239], "size": [2, 8, 0], "pivot": [-0.59042, 5.2, 3.71321], "rotation": [42.5, 20, 0], "uv": [12, 35]},
						{"origin": [-2.59042, 0.2, 11.71321], "size": [3, 4, 0], "pivot": [-0.59042, 0.8, 10.71321], "rotation": [80, 0, 0], "uv": [42, 27]}
					]
				},
				{
					"name": "front_piece_l",
					"parent": "coat_back_panel2",
					"pivot": [-4.25978, 8, 1.18835],
					"cubes": [
						{"origin": [-2.39042, -0.6, 8.71321], "size": [2, 8, 0], "pivot": [-0.59042, 5.8, 3.71321], "rotation": [106.80911, -23.61691, -71.53963], "uv": [36, 0]},
						{"origin": [-5.04042, -0.81508, 6.46002], "size": [2, 8, 0], "pivot": [-0.59042, 5.6, 3.71321], "rotation": [76.25981, -25.45326, -4.88375], "uv": [36, 8]}
					]
				},
				{
					"name": "side_flap_l",
					"parent": "front_piece_l",
					"pivot": [-6.3686, 6, 6.5957],
					"cubes": [
						{"origin": [-8.55833, 1.05692, 6.68703], "size": [3, 5, 0], "pivot": [-7.04146, 5.8, 6.70431], "rotation": [-146.40066, -73.99158, -171.35231], "uv": [4, 40]}
					]
				},
				{
					"name": "coat_back_panel3",
					"parent": "hohenheim",
					"pivot": [0.40958, 0, -0.28679],
					"rotation": [0, 35, 0],
					"cubes": [
						{"origin": [-0.59042, 8, 1.21321], "size": [3, 7, 0], "pivot": [0.40958, 13, 0.71321], "rotation": [12.5, 0, 0], "uv": [6, 33]},
						{"origin": [0.82336, 7.20221, 1.66797], "size": [2, 5, 0], "pivot": [0.40958, 13, 0.71321], "rotation": [13.14769, 31.98613, -8.43967], "uv": [44, 3]},
						{"origin": [-0.59042, 0.4, 4.71321], "size": [3, 8, 0], "pivot": [0.40958, 5.2, 3.71321], "rotation": [42.5, 0, 0], "uv": [24, 18]},
						{"origin": [4.87368, -1.24186, 11.96745], "size": [3, 4, 0], "pivot": [0.40958, 0.8, 10.71321], "rotation": [80, 25, 0], "uv": [42, 35]},
						{"origin": [2.14163, -0.09457, 5.25294], "size": [3, 8, 0], "pivot": [0.40958, 5.2, 3.71321], "rotation": [42.5, 25, 0], "uv": [6, 25]},
						{"origin": [-3.75228, 0.14918, 11.72217], "size": [2, 4, 0], "pivot": [0.40958, 0.8, 10.71321], "rotation": [80, -17.5, 0], "uv": [44, 17]},
						{"origin": [-1.55635, 0.57486, 4.52239], "size": [2, 8, 0], "pivot": [0.40958, 5.2, 3.71321], "rotation": [42.5, -20, 0], "uv": [38, 38]},
						{"origin": [-0.59042, 0.2, 11.71321], "size": [3, 4, 0], "pivot": [0.40958, 0.8, 10.71321], "rotation": [80, 0, 0], "uv": [42, 39]}
					]
				},
				{
					"name": "front_piece_r",
					"parent": "coat_back_panel3",
					"pivot": [3.68618, 8, 2.00752],
					"cubes": [
						{"origin": [2.85957, -0.81508, 6.46002], "size": [2, 8, 0], "pivot": [0.40958, 5.6, 3.71321], "rotation": [76.25981, 25.45326, 4.88375], "uv": [0, 38]},
						{"origin": [0.20958, -0.6, 8.71321], "size": [2, 8, 0], "pivot": [0.40958, 5.8, 3.71321], "rotation": [106.80911, 23.61691, 71.53963], "uv": [38, 30]}
					]
				},
				{
					"name": "side_flap_r",
					"parent": "front_piece_r",
					"pivot": [6.77819, 6, 6.30892],
					"cubes": [
						{"origin": [-5.70749, -2.68696, 7.57827], "size": [3, 5, 0], "pivot": [0.40958, 5.8, 3.71321], "rotation": [-146.40066, 73.99158, 171.35231], "uv": [40, 8]}
					]
				},
				{
					"name": "coat_back_panel",
					"parent": "hohenheim",
					"pivot": [0.40958, 0, -0.28679],
					"cubes": [
						{"origin": [-1.59042, 8, 1.21321], "size": [3, 7, 0], "pivot": [0.40958, 13, 0.71321], "rotation": [12.5, 0, 0], "uv": [0, 31]},
						{"origin": [-1.59042, 0.4, 4.71321], "size": [3, 8, 0], "pivot": [0.40958, 5.2, 3.71321], "rotation": [42.5, 0, 0], "uv": [0, 23]},
						{"origin": [-1.59042, 0.2, 11.71321], "size": [3, 4, 0], "pivot": [0.40958, 0.8, 10.71321], "rotation": [80, 0, 0], "uv": [24, 41]}
					]
				},
				{
					"name": "collar",
					"parent": "hohenheim",
					"pivot": [0.40958, 0, -0.28679],
					"cubes": [
						{"origin": [-2.59042, 15, 1.71321], "size": [3, 3, 0], "pivot": [0.40958, 15, 0.71321], "rotation": [-22.5, -62.5, 0], "uv": [10, 43]},
						{"origin": [-0.59042, 15, 1.71321], "size": [3, 3, 0], "pivot": [-0.59042, 15, 0.71321], "rotation": [-22.5, 62.5, 0], "uv": [44, 0]},
						{"origin": [-1.34042, 15, 0.71321], "size": [2.5, 3, 0], "pivot": [0.40958, 15, -0.28679], "rotation": [-12.5, 0, 0], "uv": [43, 43]}
					]
				},
				{
					"name": "lowerpart",
					"parent": "hohenheim",
					"pivot": [0.90958, 11, -0.28679],
					"cubes": [
						{"origin": [-2.09042, 7, -2.28679], "size": [4, 6, 2], "uv": [0, 6]},
						{"origin": [-1.09042, 1, -3.28679], "size": [3, 7, 0], "pivot": [0.90958, 6, -1.28679], "rotation": [-25, -65, 0], "uv": [34, 16]},
						{"origin": [-2.09042, 1, -4.28679], "size": [3, 8, 0], "pivot": [-0.09042, 6, -2.28679], "rotation": [-25, 30, 0], "uv": [28, 26]},
						{"origin": [-2.09042, 1, -3.28679], "size": [3, 7, 0], "pivot": [-1.09042, 6, -1.28679], "rotation": [-25, 65, 0], "uv": [22, 34]},
						{"origin": [2.90958, 1, -1.28679], "size": [0, 8, 2], "pivot": [0.90958, 6, -0.28679], "rotation": [0, 0, -25], "uv": [30, 16]},
						{"origin": [-3.09042, 1, -1.28679], "size": [0, 8, 2], "pivot": [-1.09042, 6, -0.28679], "rotation": [0, 0, 25], "uv": [12, 25]},
						{"origin": [-1.09042, 1, -4.28679], "size": [2, 8, 0], "pivot": [-0.09042, 6, -2.28679], "rotation": [-25, 0, 0], "uv": [16, 39]},
						{"origin": [-2.09042, 3, -4.28679], "size": [4, 8, 0], "pivot": [-0.09042, 7, -2.28679], "rotation": [-27.5, 0, 0], "uv": [16, 16]},
						{"origin": [0.90958, 4, -4.28679], "size": [2, 7, 0], "pivot": [1.90958, 7, -2.28679], "rotation": [-27.5, -52.5, 0], "uv": [40, 13]},
						{"origin": [-3.09042, 4, -4.28679], "size": [2, 7, 0], "pivot": [-2.09042, 7, -2.28679], "rotation": [-27.5, 52.5, 0], "uv": [40, 20]},
						{"origin": [-1.09042, 1, 2.71321], "size": [3, 8, 0], "pivot": [-0.09042, 6, 0.71321], "rotation": [25, 30, 0], "uv": [30, 0]},
						{"origin": [-1.09042, 1, 2.71321], "size": [2, 8, 0], "pivot": [-0.09042, 6, 0.71321], "rotation": [25, 0, 0], "uv": [34, 39]},
						{"origin": [-2.09042, 1, 1.71321], "size": [3, 7, 0], "pivot": [-1.09042, 6, -0.28679], "rotation": [25, -65, 0], "uv": [34, 23]},
						{"origin": [-2.09042, 1, 2.71321], "size": [3, 8, 0], "pivot": [-0.09042, 6, 0.71321], "rotation": [25, -30, 0], "uv": [30, 8]},
						{"origin": [-1.09042, 1, 1.71321], "size": [3, 7, 0], "pivot": [0.90958, 6, -0.28679], "rotation": [25, 65, 0], "uv": [28, 34]},
						{"origin": [-1.09042, 1, -4.28679], "size": [3, 8, 0], "pivot": [-0.09042, 6, -2.28679], "rotation": [-25, -30, 0], "uv": [22, 26]},
						{"origin": [3.40958, 1, -1.28679], "size": [4, 9, 0], "pivot": [4.40958, 3, -0.28679], "rotation": [0, 0, -37.5], "uv": [0, 14]},
						{"origin": [-7.09042, 1, -1.28679], "size": [4, 9, 0], "pivot": [-4.09042, 3, -0.28679], "rotation": [0, 0, 37.5], "uv": [8, 16]}
					]
				},
				{
					"name": "legs",
					"parent": "lowerpart",
					"pivot": [0.90958, 11, -0.28679]
				},
				{
					"name": "leg_l",
					"parent": "legs",
					"pivot": [-1.59042, 7, -0.28679],
					"cubes": [
						{"origin": [-1.09042, 0, -1.03679], "size": [1, 8, 1], "pivot": [-0.09042, 0, -0.03679], "rotation": [0, 0, -7.5], "uv": [34, 30]}
					]
				},
				{
					"name": "leg_r",
					"parent": "legs",
					"pivot": [1.40958, 7, -0.28679],
					"cubes": [
						{"origin": [-0.09042, 0, -1.03679], "size": [1, 7, 1], "pivot": [0.90958, 0, -0.03679], "rotation": [0, 0, 7.5], "uv": [40, 0]}
					]
				},
				{
					"name": "right_coat_bottom_hand",
					"parent": "hohenheim",
					"pivot": [4.34437, 6.09462, 2.59523],
					"rotation": [110.57639, -9.30727, 23.30696],
					"cubes": [
						{"origin": [5.09437, 4.84462, 7.09523], "size": [1, 3, 0], "pivot": [6.09437, 7.84462, 5.09523], "rotation": [-85, 0, 22.5], "uv": [40, 27]}
					]
				},
				{
					"name": "right_coat_bottom_joint",
					"parent": "right_coat_bottom_hand",
					"pivot": [4.84437, 6.09462, 5.09523],
					"cubes": [
						{"origin": [5.09437, 6.09462, 6.09523], "size": [1, 2.75, 0], "pivot": [6.09437, 7.84462, 5.09523], "rotation": [-30, 0, 22.5], "uv": [10, 40]}
					]
				},
				{
					"name": "right_coat_bottom_hand_hand",
					"parent": "right_coat_bottom_joint",
					"pivot": [5.84437, 8.09462, 6.34523],
					"cubes": [
						{"origin": [5.09437, 9.84462, 5.09523], "size": [1, 0, 1], "pivot": [6.09437, 7.84462, 5.09523], "rotation": [0, 0, 22.5], "uv": [42, 46]},
						{"origin": [5.09437, 8.34462, 6.09523], "size": [1, 2, 0], "pivot": [6.09437, 7.84462, 5.09523], "rotation": [0, 0, -22.5], "uv": [12, 48]},
						{"origin": [5.09437, 10.34462, 5.09523], "size": [1, 0, 1], "pivot": [6.09437, 7.84462, 5.09523], "rotation": [0, 0, -22.5], "uv": [38, 46]},
						{"origin": [5.09437, 7.84462, 6.09523], "size": [1, 2, 0], "pivot": [6.09437, 7.84462, 5.09523], "rotation": [0, 0, 22.5], "uv": [48, 13]}
					]
				},
				{
					"name": "left_coat_bottom_hand",
					"parent": "hohenheim",
					"pivot": [-4.99364, 5.47879, 3.12091],
					"rotation": [110.57639, 9.30727, -23.30696],
					"cubes": [
						{"origin": [-5.99364, 4.47879, 8.12091], "size": [1, 3, 0], "pivot": [-5.99364, 7.47879, 6.12091], "rotation": [-85, 0, -22.5], "uv": [32, 46]}
					]
				},
				{
					"name": "left_coat_bottom_joint",
					"parent": "left_coat_bottom_hand",
					"pivot": [-4.74364, 5.72879, 6.12091],
					"cubes": [
						{"origin": [-5.99364, 5.72879, 7.12091], "size": [1, 2.75, 0], "pivot": [-5.99364, 7.47879, 6.12091], "rotation": [-30, 0, -22.5], "uv": [14, 46]}
					]
				},
				{
					"name": "left_coat_bottom_hand_hand",
					"parent": "left_coat_bottom_joint",
					"pivot": [-5.74364, 7.97879, 7.37091],
					"cubes": [
						{"origin": [-5.99364, 7.97879, 7.12091], "size": [1, 2, 0], "pivot": [-5.99364, 7.47879, 6.12091], "rotation": [0, 0, 22.5], "uv": [48, 15]},
						{"origin": [-5.99364, 7.47879, 7.12091], "size": [1, 2, 0], "pivot": [-5.99364, 7.47879, 6.12091], "rotation": [0, 0, -22.5], "uv": [16, 48]},
						{"origin": [-5.99364, 9.97879, 6.12091], "size": [1, 0, 1], "pivot": [-5.99364, 7.47879, 6.12091], "rotation": [0, 0, 22.5], "uv": [46, 46]},
						{"origin": [-5.99364, 9.47879, 6.12091], "size": [1, 0, 1], "pivot": [-5.99364, 7.47879, 6.12091], "rotation": [0, 0, -22.5], "uv": [0, 47]}
					]
				},
				{
					"name": "left_shoulder_hand",
					"parent": "hohenheim",
					"pivot": [-1.59042, 15, -0.28679],
					"rotation": [50, 0, -45],
					"cubes": [
						{"origin": [-2.59042, 15.5, 0.71321], "size": [1, 2, 0], "pivot": [-1.59042, 15, -0.28679], "rotation": [0, 0, -22.5], "uv": [6, 48]},
						{"origin": [-2.59042, 17.5, -0.28679], "size": [1, 0, 1], "pivot": [-1.59042, 15, -0.28679], "rotation": [0, 0, -22.5], "uv": [46, 26]},
						{"origin": [-2.59042, 15, 0.71321], "size": [1, 2, 0], "pivot": [-1.59042, 15, -0.28679], "rotation": [0, 0, 22.5], "uv": [10, 48]},
						{"origin": [-2.59042, 12, 0.71321], "size": [1, 4, 0], "pivot": [-1.59042, 15, -0.28679], "rotation": [-35, 0, 22.5], "uv": [8, 45]},
						{"origin": [-2.59042, 17, -0.28679], "size": [1, 0, 1], "pivot": [-1.59042, 15, -0.28679], "rotation": [0, 0, 22.5], "uv": [28, 46]}
					]
				},
				{
					"name": "center_hand",
					"parent": "hohenheim",
					"pivot": [-0.59042, 10, -4.28679],
					"rotation": [32.90981, 10.28859, -22.90981],
					"cubes": [
						{"origin": [-0.57849, 7.59137, -4.78679], "size": [1, 4, 0], "pivot": [-0.59042, 10, -4.28679], "rotation": [-143.18142, 13.37352, 176.74684], "uv": [24, 45]}
					]
				},
				{
					"name": "center_hand_lower",
					"parent": "center_hand",
					"pivot": [-2.59042, 8, -5.28679],
					"cubes": [
						{"origin": [-2.41462, 6.56196, -4.94572], "size": [1, 3, 0], "pivot": [-0.59042, 10, -4.28679], "rotation": [-138.95494, -38.15185, -127.35077], "uv": [20, 47]}
					]
				},
				{
					"name": "center_hand_hand",
					"parent": "center_hand",
					"pivot": [-1.59042, 11, -3.28679],
					"cubes": [
						{"origin": [-1.59042, 10.5, -3.28679], "size": [1, 2, 0], "pivot": [-0.59042, 10, -4.28679], "rotation": [0, 0, -22.5], "uv": [48, 17]},
						{"origin": [-1.59042, 12.5, -3.28679], "size": [1, 0, 1], "pivot": [-0.59042, 10, -3.28679], "rotation": [0, 0, -22.5], "uv": [10, 47]},
						{"origin": [-1.59042, 10, -3.28679], "size": [1, 2, 0], "pivot": [-0.59042, 10, -4.28679], "rotation": [0, 0, 22.5], "uv": [18, 48]},
						{"origin": [-1.59042, 12, -3.28679], "size": [1, 0, 1], "pivot": [-0.59042, 10, -3.28679], "rotation": [0, 0, 22.5], "uv": [16, 47]}
					]
				},
				{
					"name": "cross_hand",
					"parent": "hohenheim",
					"pivot": [-5.59042, 3, -1.28679],
					"rotation": [-16.73634, 5.188, 71.73634],
					"cubes": [
						{"origin": [-7.07421, -0.75096, -9.0972], "size": [1, 6, 0], "pivot": [-6.7365, 6.09052, -7.46955], "rotation": [75, 0, -10], "uv": [44, 21]}
					]
				},
				{
					"name": "cross_hand_forearm",
					"parent": "cross_hand",
					"pivot": [-6.24951, 4.41073, -7.01614],
					"cubes": [
						{"origin": [-7.08668, 4.20033, -7.56955], "size": [1, 2, 0], "pivot": [-6.7365, 6.09052, -7.46955], "rotation": [17.5, 0, -10], "uv": [28, 48]},
						{"origin": [-7.60762, 5.9959, -7.56955], "size": [1, 4.25, 0], "pivot": [-6.7365, 9.09052, -8.46955], "rotation": [0, 0, -10], "uv": [26, 45]}
					]
				},
				{
					"name": "cross_hand_hand",
					"parent": "cross_hand_forearm",
					"pivot": [-7.59042, 10, -7.28679],
					"cubes": [
						{"origin": [-7.7365, 9.59052, -7.46955], "size": [1, 2, 0], "pivot": [-6.7365, 9.09052, -8.46955], "rotation": [0, 0, -22.5], "uv": [48, 19]},
						{"origin": [-7.7365, 9.09052, -7.46955], "size": [1, 2, 0], "pivot": [-6.7365, 9.09052, -8.46955], "rotation": [0, 0, 22.5], "uv": [48, 27]},
						{"origin": [-7.7365, 11.59052, -7.46955], "size": [1, 0, 1], "pivot": [-6.7365, 9.09052, -8.46955], "rotation": [0, 0, -22.5], "uv": [28, 47]},
						{"origin": [-7.7365, 11.09052, -7.46955], "size": [1, 0, 1], "pivot": [-6.7365, 9.09052, -8.46955], "rotation": [0, 0, 22.5], "uv": [34, 47]}
					]
				}
			]
		}
	]
}