{
	"format_version": "1.12.0",
	"minecraft:geometry": [
		{
			"description": {
				"identifier": "geometry.coolerguy",
				"texture_width": 64,
				"texture_height": 64,
				"visible_bounds_width": 2,
				"visible_bounds_height": 2.5,
				"visible_bounds_offset": [0, 0.75, 0]
			},
			"bones": [
				{
					"name": "coolerguy",
					"pivot": [0, 0, 0]
				},
				{
					"name": "head",
					"parent": "coolerguy",
					"pivot": [0, 7, -2.475],
					"cubes": [
						{"origin": [-3, 4.5, -5], "size": [6, 5, 4], "uv": [0, 8]},
						{"origin": [-3.5, 5, -4.95], "size": [7, 4, 4], "uv": [0, 0]}
					]
				},
				{
					"name": "eye",
					"parent": "head",
					"pivot": [0, -0.5, 0]
				},
				{
					"name": "right_eye",
					"parent": "eye",
					"pivot": [-0.66667, 7.16667, -5.34],
					"cubes": [
						{"origin": [-2.5, 6, -5.5], "size": [2, 2, 1], "uv": [22, 3]}
					]
				},
				{
					"name": "eye_dot_right",
					"parent": "right_eye",
					"pivot": [-1.75, 7.25, -5.51],
					"cubes": [
						{"origin": [-2.25, 6.75, -5.51], "size": [1, 1, 0], "uv": [22, 6]}
					]
				},
				{
					"name": "left_eye",
					"parent": "eye",
					"pivot": [0, -0.5, 0],
					"cubes": [
						{"origin": [0.5, 6, -5.5], "size": [2, 2, 1], "uv": [20, 23]}
					]
				},
				{
					"name": "eye_dot_left",
					"parent": "left_eye",
					"pivot": [1.25, 7.25, -5.51],
					"cubes": [
						{"origin": [0.75, 6.75, -5.51], "size": [1, 1, 0], "uv": [22, 7]}
					]
				},
				{
					"name": "mouth",
					"parent": "head",
					"pivot": [0, 4.75, -3.01],
					"cubes": [
						{"origin": [-2, 4.25, -5.01], "size": [4, 1, 4], "uv": [20, 8]}
					]
				},
				{
					"name": "hat",
					"parent": "head",
					"pivot": [0, 7, -2.475],
					"cubes": [
						{"origin": [-0.5, 10.25, -3.5], "size": [2, 3, 2], "uv": [42, 9]},
						{"origin": [0, 10, -4], "size": [1, 2, 1], "uv": [60, 0]},
						{"origin": [0, 10.25, -2], "size": [1, 2, 1], "uv": [38, 10]},
						{"origin": [0, 12.75, -3], "size": [1, 2, 1], "uv": [38, 10]},
						{"origin": [-1, 10, -3], "size": [3, 2, 1], "uv": [56, 61]},
						{"origin": [-1.5, 9.5, -4.5], "size": [4, 1, 4], "uv": [0, 59]}
					]
				},
				{
					"name": "body",
					"parent": "coolerguy",
					"pivot": [0, 4, 0],
					"cubes": [
						{"origin": [-2, 2.5, -3], "size": [4, 3, 6], "uv": [0, 17]},
						{"origin": [-1, 2.25, -2.5], "size": [2, 2, 5], "uv": [20, 13]},
						{"origin": [-1.5, 3, 2.5], "size": [3, 2, 1], "uv": [20, 20]},
						{"origin": [-1.5, 3, -3.5], "size": [3, 2, 1], "uv": [22, 0]}
					]
				},
				{
					"name": "legs",
					"parent": "body",
					"pivot": [0, 4, 0]
				},
				{
					"name": "left_front_leg",
					"parent": "legs",
					"pivot": [1.25, 2.5, -2.25],
					"cubes": [
						{"origin": [0.75, 0, -2.75], "size": [1, 3, 1], "uv": [0, 26]}
					]
				},
				{
					"name": "right_front_leg",
					"parent": "legs",
					"pivot": [-1.25, 2.5, -2.25],
					"cubes": [
						{"origin": [-1.75, 0, -2.75], "size": [1, 3, 1], "uv": [4, 26]}
					]
				},
				{
					"name": "left_hind_leg",
					"parent": "legs",
					"pivot": [1.25, 2.5, 2.25],
					"cubes": [
						{"origin": [0.75, 0, 1.75], "size": [1, 3, 1], "uv": [8, 26]}
					]
				},
				{
					"name": "right_hind_leg",
					"parent": "legs",
					"pivot": [-1.25, 2.5, 2.25],
					"cubes": [
						{"origin": [-1.75, 0, 1.75], "size": [1, 3, 1], "uv": [12, 26]}
					]
				}
			]
		}
	]
}