{
	"format_version": "1.12.0",
	"minecraft:geometry": [
		{
			"description": {
				"identifier": "geometry.amogus",
				"texture_width": 32,
				"texture_height": 32,
				"visible_bounds_width": 2,
				"visible_bounds_height": 2.5,
				"visible_bounds_offset": [0, 0.75, 0]
			},
			"bones": [
				{
					"name": "amogus",
					"pivot": [0, 0, 0]
				},
				{
					"name": "right_leg",
					"parent": "amogus",
					"pivot": [-1, 4, 0],
					"cubes": [
						{"origin": [-2, 0, -1], "size": [2, 4, 2], "uv": [0, 14]}
					]
				},
				{
					"name": "body",
					"parent": "amogus",
					"pivot": [0, 10, 0],
					"cubes": [
						{"origin": [-2, 4, -2], "size": [4, 5, 4], "uv": [0, 0]},
						{"origin": [-1, 9, -2], "size": [2, 1, 4], "uv": [0, 9]},
						{"origin": [-2, 9, -1], "size": [1, 1, 2], "uv": [16, 3]},
						{"origin": [1, 9, -1], "size": [1, 1, 2], "uv": [16, 6]},
						{"origin": [-1.55, 4.55, 2], "size": [3, 4, 1], "uv": [8, 15]}
					]
				},
				{
					"name": "left_leg",
					"parent": "amogus",
					"pivot": [1, 4, 0],
					"cubes": [
						{"origin": [0, 0, -1], "size": [2, 4, 2], "uv": [12, 9]}
					]
				},
				{
					"name": "visor",
					"parent": "amogus",
					"pivot": [0, 10, 0],
					"cubes": [
						{"origin": [-1.7, 6, -2.7], "size": [3.4, 2, 1], "uv": [16, 0]}
					]
				}
			]
		}
	]
}