{
	"format_version": "1.8.0",
	"animations": {
		"animation.brasimian.ground_idle": {
			"loop": true,
			"animation_length": 2,
			"bones": {
				"brasimian": {
					"position": [0, -6.25, 0]
				},
				"head": {
					"rotation": {
						"0.0": {
							"post": [0, 0, 0],
							"lerp_mode": "catmullrom"
						},
						"0.5": {
							"post": [-2.5, 0, 0],
							"lerp_mode": "catmullrom"
						},
						"1.0": {
							"post": [0, 0, 0],
							"lerp_mode": "catmullrom"
						},
						"1.5": {
							"post": [-2.5, 0, 0],
							"lerp_mode": "catmullrom"
						},
						"2.0": {
							"post": [0, 0, 0],
							"lerp_mode": "catmullrom"
						}
					},
					"position": {
						"0.0": {
							"post": [0, -0.25, 0],
							"lerp_mode": "catmullrom"
						},
						"0.5": {
							"post": [0, 0, 0],
							"lerp_mode": "catmullrom"
						},
						"1.0": {
							"post": [0, -0.25, 0],
							"lerp_mode": "catmullrom"
						},
						"1.5": {
							"post": [0, 0, 0],
							"lerp_mode": "catmullrom"
						},
						"2.0": {
							"post": [0, -0.25, 0],
							"lerp_mode": "catmullrom"
						}
					}
				},
				"thorax": {
					"rotation": [7.5, 0, 0],
					"position": {
						"0.0": {
							"post": [0, 0, 0],
							"lerp_mode": "catmullrom"
						},
						"1.0": {
							"post": [0, -0.25, 0],
							"lerp_mode": "catmullrom"
						},
						"2.0": {
							"post": [0, 0, 0],
							"lerp_mode": "catmullrom"
						}
					}
				},
				"abdomen": {
					"rotation": [-17.5, 0, 0]
				},
				"leg_left": {
					"rotation": [-90, 50, -90]
				},
				"leg_left_2": {
					"rotation": [0, -7.5, 32.5]
				},
				"arm_left": {
					"rotation": {
						"0.0": {
							"post": [-87.5, 22.5, 8],
							"lerp_mode": "catmullrom"
						},
						"1.0": {
							"post": [-90, 22.5, 2.5],
							"lerp_mode": "catmullrom"
						},
						"2.0": {
							"post": [-87.5, 22.5, 8],
							"lerp_mode": "catmullrom"
						}
					}
				},
				"arm_left_2": {
					"rotation": [45, -21.5, 72.5]
				},
				"leg_right": {
					"rotation": [-90, -50, 90]
				},
				"leg_right_2": {
					"rotation": [0, 7.5, -32.5]
				},
				"arm_right": {
					"rotation": {
						"0.0": {
							"post": [-90, -22.5, -2.5],
							"lerp_mode": "catmullrom"
						},
						"1.0": {
							"post": [-87.5, -22.5, -8],
							"lerp_mode": "catmullrom"
						},
						"2.0": {
							"post": [-90, -22.5, -2.5],
							"lerp_mode": "catmullrom"
						}
					}
				},
				"arm_right_2": {
					"rotation": [45, 21.5, -72.5]
				},
				"nose": {
					"rotation": {
						"0.0": [0, 0, 0],
						"1.0": [5, 0, 0],
						"2.0": [0, 0, 0]
					},
					"position": {
						"0.0": [0, 0, 0],
						"1.0": [0, 0, 0.25],
						"2.0": [0, 0, 0]
					}
				}
			}
		},
		"animation.brasimian.cry": {
			"animation_length": 2,
			"bones": {
				"brasimian": {
					"position": [0, -6.25, 0]
				},
				"head": {
					"rotation": {
						"0.0": {
							"post": [0, 0, 0],
							"lerp_mode": "catmullrom"
						},
						"0.25": {
							"post": [-20, 0, 0],
							"lerp_mode": "catmullrom"
						},
						"0.5": {
							"post": [0, 0, 0],
							"lerp_mode": "catmullrom"
						},
						"0.75": {
							"post": [-20, 0, 0],
							"lerp_mode": "catmullrom"
						},
						"1.0": {
							"post": [0, 0, 0],
							"lerp_mode": "catmullrom"
						},
						"1.25": {
							"post": [-20, 0, 0],
							"lerp_mode": "catmullrom"
						},
						"1.5": {
							"post": [0, 0, 0],
							"lerp_mode": "catmullrom"
						},
						"1.75": {
							"post": [-20, 0, 0],
							"lerp_mode": "catmullrom"
						},
						"2.0": {
							"post": [0, 0, 0],
							"lerp_mode": "catmullrom"
						}
					},
					"position": {
						"0.0": {
							"post": [0, -0.25, 0],
							"lerp_mode": "catmullrom"
						}
					}
				},
				"thorax": {
					"rotation": [7.5, 0, 0],
					"position": {
						"0.0": {
							"post": [0, 0, 0],
							"lerp_mode": "catmullrom"
						},
						"0.2917": {
							"post": [0, 0, 0],
							"lerp_mode": "catmullrom"
						},
						"0.375": {
							"post": [0, 0, 0.25],
							"lerp_mode": "catmullrom"
						},
						"0.4583": {
							"post": [0, 0, 0],
							"lerp_mode": "catmullrom"
						},
						"0.6667": {
							"post": [0, 0, 0],
							"lerp_mode": "catmullrom"
						},
						"0.75": {
							"post": [0, 0, 0.25],
							"lerp_mode": "catmullrom"
						},
						"0.8333": {
							"post": [0, 0, 0],
							"lerp_mode": "catmullrom"
						},
						"1.0417": {
							"post": [0, 0, 0],
							"lerp_mode": "catmullrom"
						},
						"1.125": {
							"post": [0, 0, 0.25],
							"lerp_mode": "catmullrom"
						},
						"1.2083": {
							"post": [0, 0, 0],
							"lerp_mode": "catmullrom"
						},
						"1.4167": {
							"post": [0, 0, 0],
							"lerp_mode": "catmullrom"
						},
						"1.5": {
							"post": [0, 0, 0.25],
							"lerp_mode": "catmullrom"
						},
						"1.5833": {
							"post": [0, 0, 0],
							"lerp_mode": "catmullrom"
						}
					}
				},
				"abdomen": {
					"rotation": [-17.5, 0, 0]
				},
				"leg_left": {
					"rotation": [-90, 50, -90]
				},
				"leg_left_2": {
					"rotation": [0, -7.5, 32.5]
				},
				"arm_left": {
					"rotation": {
						"0.0": {
							"post": [-87.5, 22.5, 8],
							"lerp_mode": "catmullrom"
						},
						"0.25": {
							"post": [-87.5, 22.5, 8],
							"lerp_mode": "catmullrom"
						},
						"0.375": {
							"post": [-76.90006, 79.75819, 19.94101],
							"lerp_mode": "catmullrom"
						},
						"0.625": {
							"post": [-87.5, 22.5, 8],
							"lerp_mode": "catmullrom"
						},
						"0.75": {
							"post": [-76.90006, 79.75819, 19.94101],
							"lerp_mode": "catmullrom"
						},
						"1.0": {
							"post": [-87.5, 22.5, 8],
							"lerp_mode": "catmullrom"
						},
						"1.125": {
							"post": [-76.90006, 79.75819, 19.94101],
							"lerp_mode": "catmullrom"
						},
						"1.375": {
							"post": [-87.5, 22.5, 8],
							"lerp_mode": "catmullrom"
						},
						"1.5": {
							"post": [-76.90006, 79.75819, 19.94101],
							"lerp_mode": "catmullrom"
						},
						"1.625": {
							"post": [-87.5, 22.5, 8],
							"lerp_mode": "catmullrom"
						},
						"2.0": {
							"post": [-87.5, 22.5, 8],
							"lerp_mode": "catmullrom"
						}
					}
				},
				"arm_left_2": {
					"rotation": {
						"0.0": {
							"post": [45, -21.5, 72.5],
							"lerp_mode": "catmullrom"
						},
						"0.25": {
							"post": [8.07879, 6.14618, 45.50147],
							"lerp_mode": "catmullrom"
						},
						"0.375": {
							"post": [8.07879, 6.14618, 45.50147],
							"lerp_mode": "catmullrom"
						},
						"0.625": {
							"post": [8.07879, 6.14618, 45.50147],
							"lerp_mode": "catmullrom"
						},
						"0.75": {
							"post": [8.07879, 6.14618, 45.50147],
							"lerp_mode": "catmullrom"
						},
						"1.0": {
							"post": [8.07879, 6.14618, 45.50147],
							"lerp_mode": "catmullrom"
						},
						"1.125": {
							"post": [8.07879, 6.14618, 45.50147],
							"lerp_mode": "catmullrom"
						},
						"1.375": {
							"post": [8.07879, 6.14618, 45.50147],
							"lerp_mode": "catmullrom"
						},
						"1.5": {
							"post": [8.07879, 6.14618, 45.50147],
							"lerp_mode": "catmullrom"
						},
						"1.625": {
							"post": [8.07879, 6.14618, 45.50147],
							"lerp_mode": "catmullrom"
						},
						"2.0": {
							"post": [45, -21.5, 72.5],
							"lerp_mode": "catmullrom"
						}
					}
				},
				"wrist_left": {
					"rotation": {
						"0.0": {
							"post": [0, 0, 0],
							"lerp_mode": "catmullrom"
						},
						"0.25": {
							"post": [0, 0, 0],
							"lerp_mode": "catmullrom"
						},
						"0.375": {
							"post": [4.95175, -6.49643, -35.57203],
							"lerp_mode": "catmullrom"
						},
						"0.625": {
							"post": [0, 0, 0],
							"lerp_mode": "catmullrom"
						},
						"0.75": {
							"post": [4.95175, -6.49643, -35.57203],
							"lerp_mode": "catmullrom"
						},
						"1.0": {
							"post": [0, 0, 0],
							"lerp_mode": "catmullrom"
						},
						"1.125": {
							"post": [4.95175, -6.49643, -35.57203],
							"lerp_mode": "catmullrom"
						},
						"1.375": {
							"post": [0, 0, 0],
							"lerp_mode": "catmullrom"
						},
						"1.5": {
							"post": [4.95175, -6.49643, -35.57203],
							"lerp_mode": "catmullrom"
						},
						"1.625": {
							"post": [0, 0, 0],
							"lerp_mode": "catmullrom"
						},
						"2.0": {
							"post": [0, 0, 0],
							"lerp_mode": "catmullrom"
						}
					},
					"position": {
						"0.0": [0, 0, 0],
						"0.25": [0, 0, 0],
						"0.375": [0, -1, 0],
						"0.625": [0, 0, 0],
						"0.75": [0, -1, 0],
						"1.0": [0, 0, 0],
						"1.125": [0, -1, 0],
						"1.375": [0, 0, 0],
						"1.5": [0, -1, 0],
						"1.625": [0, 0, 0]
					}
				},
				"cymbal_left_2": {
					"scale": {
						"0.0": [1, 1, 1],
						"0.375": [1, 1, 1],
						"0.4167": {
							"pre": [1.2, 1.3, 1.2],
							"post": [1.2, 1.3, 1.2],
							"lerp_mode": "catmullrom"
						},
						"0.625": {
							"post": [1, 1, 1],
							"lerp_mode": "catmullrom"
						},
						"0.75": {
							"post": [1, 1, 1],
							"lerp_mode": "catmullrom"
						},
						"0.7917": {
							"post": [1.2, 1.3, 1.2],
							"lerp_mode": "catmullrom"
						},
						"1.0": {
							"post": [1, 1, 1],
							"lerp_mode": "catmullrom"
						},
						"1.125": {
							"post": [1, 1, 1],
							"lerp_mode": "catmullrom"
						},
						"1.1667": {
							"post": [1.2, 1.3, 1.2],
							"lerp_mode": "catmullrom"
						},
						"1.375": {
							"post": [1, 1, 1],
							"lerp_mode": "catmullrom"
						},
						"1.5": {
							"post": [1, 1, 1],
							"lerp_mode": "catmullrom"
						},
						"1.5417": {
							"post": [1.2, 1.3, 1.2],
							"lerp_mode": "catmullrom"
						},
						"1.75": {
							"post": [1, 1, 1],
							"lerp_mode": "catmullrom"
						}
					}
				},
				"leg_right": {
					"rotation": [-90, -50, 90]
				},
				"leg_right_2": {
					"rotation": [0, 7.5, -32.5]
				},
				"arm_right": {
					"rotation": {
						"0.0": {
							"post": [-87.5, -22.5, -8],
							"lerp_mode": "catmullrom"
						},
						"0.25": {
							"post": [-87.5, -22.5, -8],
							"lerp_mode": "catmullrom"
						},
						"0.375": {
							"post": [-76.90006, -79.75819, -19.94101],
							"lerp_mode": "catmullrom"
						},
						"0.625": {
							"post": [-87.5, -22.5, -8],
							"lerp_mode": "catmullrom"
						},
						"0.75": {
							"post": [-76.90006, -79.75819, -19.94101],
							"lerp_mode": "catmullrom"
						},
						"1.0": {
							"post": [-87.5, -22.5, -8],
							"lerp_mode": "catmullrom"
						},
						"1.125": {
							"post": [-76.90006, -79.75819, -19.94101],
							"lerp_mode": "catmullrom"
						},
						"1.375": {
							"post": [-87.5, -22.5, -8],
							"lerp_mode": "catmullrom"
						},
						"1.5": {
							"post": [-76.90006, -79.75819, -19.94101],
							"lerp_mode": "catmullrom"
						},
						"1.625": {
							"post": [-87.5, -22.5, -8],
							"lerp_mode": "catmullrom"
						},
						"2.0": {
							"post": [-87.5, -22.5, -8],
							"lerp_mode": "catmullrom"
						}
					}
				},
				"arm_right_2": {
					"rotation": {
						"0.0": {
							"post": [45, 21.5, -72.5],
							"lerp_mode": "catmullrom"
						},
						"0.25": {
							"post": [8.07879, -6.14618, -45.50147],
							"lerp_mode": "catmullrom"
						},
						"0.375": {
							"post": [8.07879, -6.14618, -45.50147],
							"lerp_mode": "catmullrom"
						},
						"0.625": {
							"post": [8.07879, -6.14618, -45.50147],
							"lerp_mode": "catmullrom"
						},
						"0.75": {
							"post": [8.07879, -6.14618, -45.50147],
							"lerp_mode": "catmullrom"
						},
						"1.0": {
							"post": [8.07879, -6.14618, -45.50147],
							"lerp_mode": "catmullrom"
						},
						"1.125": {
							"post": [8.07879, -6.14618, -45.50147],
							"lerp_mode": "catmullrom"
						},
						"1.375": {
							"post": [8.07879, -6.14618, -45.50147],
							"lerp_mode": "catmullrom"
						},
						"1.5": {
							"post": [8.07879, -6.14618, -45.50147],
							"lerp_mode": "catmullrom"
						},
						"1.625": {
							"post": [8.07879, -6.14618, -45.50147],
							"lerp_mode": "catmullrom"
						},
						"2.0": {
							"post": [45, 21.5, -72.5],
							"lerp_mode": "catmullrom"
						}
					}
				},
				"wrist_right": {
					"rotation": {
						"0.0": {
							"post": [0, 0, 0],
							"lerp_mode": "catmullrom"
						},
						"0.25": {
							"post": [0, 0, 0],
							"lerp_mode": "catmullrom"
						},
						"0.375": {
							"post": [4.95175, 6.49643, 35.57203],
							"lerp_mode": "catmullrom"
						},
						"0.625": {
							"post": [0, 0, 0],
							"lerp_mode": "catmullrom"
						},
						"0.75": {
							"post": [4.95175, 6.49643, 35.57203],
							"lerp_mode": "catmullrom"
						},
						"1.0": {
							"post": [0, 0, 0],
							"lerp_mode": "catmullrom"
						},
						"1.125": {
							"post": [4.95175, 6.49643, 35.57203],
							"lerp_mode": "catmullrom"
						},
						"1.375": {
							"post": [0, 0, 0],
							"lerp_mode": "catmullrom"
						},
						"1.5": {
							"post": [4.95175, 6.49643, 35.57203],
							"lerp_mode": "catmullrom"
						},
						"1.625": {
							"post": [0, 0, 0],
							"lerp_mode": "catmullrom"
						},
						"2.0": {
							"post": [0, 0, 0],
							"lerp_mode": "catmullrom"
						}
					},
					"position": {
						"0.0": [0, 0, 0],
						"0.25": [0, 0, 0],
						"0.375": [0, -1, 0],
						"0.625": [0, 0, 0],
						"0.75": [0, -1, 0],
						"1.0": [0, 0, 0],
						"1.125": [0, -1, 0],
						"1.375": [0, 0, 0],
						"1.5": [0, -1, 0],
						"1.625": [0, 0, 0]
					}
				},
				"cymbal_right_2": {
					"scale": {
						"0.0": [1, 1, 1],
						"0.375": [1, 1, 1],
						"0.4167": {
							"pre": [1.2, 1.3, 1.2],
							"post": [1.2, 1.3, 1.2],
							"lerp_mode": "catmullrom"
						},
						"0.625": {
							"post": [1, 1, 1],
							"lerp_mode": "catmullrom"
						},
						"0.75": {
							"post": [1, 1, 1],
							"lerp_mode": "catmullrom"
						},
						"0.7917": {
							"post": [1.2, 1.3, 1.2],
							"lerp_mode": "catmullrom"
						},
						"1.0": {
							"post": [1, 1, 1],
							"lerp_mode": "catmullrom"
						},
						"1.125": {
							"post": [1, 1, 1],
							"lerp_mode": "catmullrom"
						},
						"1.1667": {
							"post": [1.2, 1.3, 1.2],
							"lerp_mode": "catmullrom"
						},
						"1.375": {
							"post": [1, 1, 1],
							"lerp_mode": "catmullrom"
						},
						"1.5": {
							"post": [1, 1, 1],
							"lerp_mode": "catmullrom"
						},
						"1.5417": {
							"post": [1.2, 1.3, 1.2],
							"lerp_mode": "catmullrom"
						},
						"1.75": {
							"post": [1, 1, 1],
							"lerp_mode": "catmullrom"
						}
					}
				},
				"nose": {
					"rotation": [0, 0, 0],
					"position": {
						"0.0": [0, 0, 0],
						"0.25": {
							"pre": [0, 0, 0],
							"post": [0, 0, 0],
							"lerp_mode": "catmullrom"
						},
						"0.5": {
							"post": [0, 0.5, 0],
							"lerp_mode": "catmullrom"
						},
						"0.75": {
							"post": [0, 0, 0],
							"lerp_mode": "catmullrom"
						},
						"1.0": {
							"post": [0, 0.5, 0],
							"lerp_mode": "catmullrom"
						},
						"1.25": {
							"post": [0, 0, 0],
							"lerp_mode": "catmullrom"
						},
						"1.5": {
							"post": [0, 0.5, 0],
							"lerp_mode": "catmullrom"
						},
						"1.75": {
							"post": [0, 0, 0],
							"lerp_mode": "catmullrom"
						},
						"2.0": [0, 0, 0]
					}
				}
			}
		},
		"animation.brasimian.faint": {
			"loop": "hold_on_last_frame",
			"animation_length": 4.0833,
			"bones": {
				"brasimian": {
					"position": [0, -6.25, 0]
				},
				"whole": {
					"rotation": {
						"0.0": [0, 0, 0],
						"0.7917": [0, 0, 0],
						"1.0": {
							"pre": [0, 5, 0],
							"post": [0, 5, 0],
							"lerp_mode": "catmullrom"
						},
						"1.25": {
							"post": [-85.04256, -0.65182, 7.47178],
							"lerp_mode": "catmullrom"
						},
						"1.5": {
							"post": [-85.00473, 0.21782, -2.4905],
							"lerp_mode": "catmullrom"
						},
						"1.75": {
							"post": [-85.01893, 0.43523, -4.98107],
							"lerp_mode": "catmullrom"
						},
						"2.0": {
							"post": [-85.00473, 0.21782, -2.4905],
							"lerp_mode": "catmullrom"
						},
						"2.25": {
							"post": [-85.00473, 0.21782, -2.4905],
							"lerp_mode": "catmullrom"
						}
					}
				},
				"head": {
					"rotation": {
						"0.0": {
							"post": [0, 0, 0],
							"lerp_mode": "catmullrom"
						},
						"0.25": {
							"post": [-20, 0, 0],
							"lerp_mode": "catmullrom"
						},
						"0.5": {
							"post": [0, 0, 0],
							"lerp_mode": "catmullrom"
						},
						"0.5833": {
							"post": [-17.5, 0, 0],
							"lerp_mode": "catmullrom"
						}
					},
					"position": {
						"0.0": {
							"post": [0, -0.25, 0],
							"lerp_mode": "catmullrom"
						}
					}
				},
				"thorax": {
					"rotation": [7.5, 0, 0],
					"position": {
						"0.0": {
							"post": [0, 0, 0],
							"lerp_mode": "catmullrom"
						},
						"0.2917": {
							"post": [0, 0, 0],
							"lerp_mode": "catmullrom"
						},
						"0.375": {
							"post": [0, 0, 0.25],
							"lerp_mode": "catmullrom"
						},
						"0.4583": {
							"post": [0, 0, 0],
							"lerp_mode": "catmullrom"
						}
					}
				},
				"abdomen": {
					"rotation": [-17.5, 0, 0]
				},
				"leg_left": {
					"rotation": [-90, 50, -90]
				},
				"leg_left_2": {
					"rotation": [0, -7.5, 32.5]
				},
				"arm_left": {
					"rotation": {
						"0.0": {
							"post": [-87.5, 22.5, 8],
							"lerp_mode": "catmullrom"
						},
						"0.25": {
							"post": [-87.5, 22.5, 8],
							"lerp_mode": "catmullrom"
						},
						"0.375": {
							"post": [-76.90006, 79.75819, 19.94101],
							"lerp_mode": "catmullrom"
						},
						"0.625": {
							"post": [-87.5, 22.5, 8],
							"lerp_mode": "catmullrom"
						}
					}
				},
				"arm_left_2": {
					"rotation": {
						"0.0": {
							"post": [45, -21.5, 72.5],
							"lerp_mode": "catmullrom"
						},
						"0.25": {
							"post": [8.07879, 6.14618, 45.50147],
							"lerp_mode": "catmullrom"
						},
						"0.375": {
							"post": [8.07879, 6.14618, 45.50147],
							"lerp_mode": "catmullrom"
						},
						"0.625": {
							"post": [8.07879, 6.14618, 45.50147],
							"lerp_mode": "catmullrom"
						}
					}
				},
				"wrist_left": {
					"rotation": {
						"0.0": {
							"post": [0, 0, 0],
							"lerp_mode": "catmullrom"
						},
						"0.25": {
							"post": [0, 0, 0],
							"lerp_mode": "catmullrom"
						},
						"0.375": {
							"post": [4.95175, -6.49643, -35.57203],
							"lerp_mode": "catmullrom"
						},
						"0.625": {
							"post": [0, 0, 0],
							"lerp_mode": "catmullrom"
						}
					},
					"position": {
						"0.0": [0, 0, 0],
						"0.25": [0, 0, 0],
						"0.375": [0, -1, 0],
						"0.625": [0, 0, 0]
					}
				},
				"cymbal_left_2": {
					"scale": {
						"0.0": [1, 1, 1],
						"0.375": [1, 1, 1],
						"0.4167": {
							"pre": [1.2, 1.3, 1.2],
							"post": [1.2, 1.3, 1.2],
							"lerp_mode": "catmullrom"
						},
						"0.625": {
							"post": [1, 1, 1],
							"lerp_mode": "catmullrom"
						}
					}
				},
				"leg_right": {
					"rotation": [-90, -50, 90]
				},
				"leg_right_2": {
					"rotation": [0, 7.5, -32.5]
				},
				"arm_right": {
					"rotation": {
						"0.0": {
							"post": [-87.5, -22.5, -8],
							"lerp_mode": "catmullrom"
						},
						"0.25": {
							"post": [-87.5, -22.5, -8],
							"lerp_mode": "catmullrom"
						},
						"0.375": {
							"post": [-76.90006, -79.75819, -19.94101],
							"lerp_mode": "catmullrom"
						},
						"0.625": {
							"post": [-87.5, -22.5, -8],
							"lerp_mode": "catmullrom"
						}
					}
				},
				"arm_right_2": {
					"rotation": {
						"0.0": {
							"post": [45, 21.5, -72.5],
							"lerp_mode": "catmullrom"
						},
						"0.25": {
							"post": [8.07879, -6.14618, -45.50147],
							"lerp_mode": "catmullrom"
						},
						"0.375": {
							"post": [8.07879, -6.14618, -45.50147],
							"lerp_mode": "catmullrom"
						},
						"0.625": {
							"post": [8.07879, -6.14618, -45.50147],
							"lerp_mode": "catmullrom"
						}
					}
				},
				"wrist_right": {
					"rotation": {
						"0.0": {
							"post": [0, 0, 0],
							"lerp_mode": "catmullrom"
						},
						"0.25": {
							"post": [0, 0, 0],
							"lerp_mode": "catmullrom"
						},
						"0.375": {
							"post": [4.95175, 6.49643, 35.57203],
							"lerp_mode": "catmullrom"
						},
						"0.625": {
							"post": [0, 0, 0],
							"lerp_mode": "catmullrom"
						}
					},
					"position": {
						"0.0": [0, 0, 0],
						"0.25": [0, 0, 0],
						"0.375": [0, -1, 0],
						"0.625": [0, 0, 0]
					}
				},
				"cymbal_right_2": {
					"scale": {
						"0.0": [1, 1, 1],
						"0.375": [1, 1, 1],
						"0.4167": {
							"pre": [1.2, 1.3, 1.2],
							"post": [1.2, 1.3, 1.2],
							"lerp_mode": "catmullrom"
						},
						"0.625": {
							"post": [1, 1, 1],
							"lerp_mode": "catmullrom"
						}
					}
				},
				"nose": {
					"rotation": [0, 0, 0],
					"position": {
						"0.0": [0, 0, 0],
						"0.25": {
							"pre": [0, 0, 0],
							"post": [0, 0, 0],
							"lerp_mode": "catmullrom"
						},
						"0.5": {
							"post": [0, 0.5, 0],
							"lerp_mode": "catmullrom"
						}
					}
				}
			}
		},
		"animation.brasimian.ground_walking": {
			"loop": true,
			"animation_length": 2,
			"bones": {
				"brasimian": {
					"position": [0, -0.25, 0]
				},
				"whole": {
					"rotation": {
						"0.0": {
							"post": [0, 7.5, 0],
							"lerp_mode": "catmullrom"
						},
						"0.5": {
							"post": [0, 0, 0],
							"lerp_mode": "catmullrom"
						},
						"1.0": {
							"post": [0, -7.5, 0],
							"lerp_mode": "catmullrom"
						},
						"1.5": {
							"post": [0, 0, 0],
							"lerp_mode": "catmullrom"
						},
						"2.0": {
							"post": [0, 7.5, 0],
							"lerp_mode": "catmullrom"
						}
					},
					"position": {
						"0.0": {
							"post": [0, -0.12, 0],
							"lerp_mode": "catmullrom"
						},
						"0.5": {
							"post": [0, 0.25, 0],
							"lerp_mode": "catmullrom"
						},
						"0.75": {
							"post": [0, -0.12, 0],
							"lerp_mode": "catmullrom"
						},
						"1.0": {
							"post": [0, -0.12, 0],
							"lerp_mode": "catmullrom"
						},
						"1.5": {
							"post": [0, 0.25, 0],
							"lerp_mode": "catmullrom"
						},
						"1.75": {
							"post": [0, -0.12, 0],
							"lerp_mode": "catmullrom"
						},
						"2.0": {
							"post": [0, -0.12, 0],
							"lerp_mode": "catmullrom"
						}
					}
				},
				"head": {
					"rotation": {
						"0.0": {
							"post": [0, 0, 0],
							"lerp_mode": "catmullrom"
						},
						"0.5": {
							"post": [-2.5, 0, 0],
							"lerp_mode": "catmullrom"
						},
						"1.0": {
							"post": [0, 0, 0],
							"lerp_mode": "catmullrom"
						},
						"1.5": {
							"post": [-2.5, 0, 0],
							"lerp_mode": "catmullrom"
						},
						"2.0": {
							"post": [0, 0, 0],
							"lerp_mode": "catmullrom"
						}
					},
					"position": {
						"0.0": {
							"post": [0, -0.25, 0],
							"lerp_mode": "catmullrom"
						},
						"0.5": {
							"post": [0, 0, 0],
							"lerp_mode": "catmullrom"
						},
						"1.0": {
							"post": [0, -0.25, 0],
							"lerp_mode": "catmullrom"
						},
						"1.5": {
							"post": [0, 0, 0],
							"lerp_mode": "catmullrom"
						},
						"2.0": {
							"post": [0, -0.25, 0],
							"lerp_mode": "catmullrom"
						}
					}
				},
				"thorax": {
					"rotation": [7.5, 0, 0],
					"position": {
						"0.0": {
							"post": [0, 0, 0],
							"lerp_mode": "catmullrom"
						},
						"1.0": {
							"post": [0, -0.25, 0],
							"lerp_mode": "catmullrom"
						},
						"2.0": {
							"post": [0, 0, 0],
							"lerp_mode": "catmullrom"
						}
					}
				},
				"abdomen": {
					"rotation": {
						"0.0": [-7.5, 0, 0],
						"0.5": [-7.47178, 0.65182, 4.95744],
						"1.0": [-7.5, 0, 0],
						"1.5": [-7.47178, -0.65182, -4.95744],
						"2.0": [-7.5, 0, 0]
					}
				},
				"leg_left": {
					"rotation": {
						"0.0": {
							"post": [0, 47.5, 0],
							"lerp_mode": "catmullrom"
						},
						"0.5": [0, 5, 0],
						"1.0": {
							"pre": [0, -30, 0],
							"post": [0, -30, 0],
							"lerp_mode": "catmullrom"
						},
						"1.5": [0, -17.5, 0],
						"2.0": [0, 47.5, 0]
					},
					"position": [0, 0, -0.5]
				},
				"leg_left_2": {
					"rotation": {
						"0.0": {
							"post": [0, -10, 0],
							"lerp_mode": "catmullrom"
						},
						"0.5": [0, -17.5, 0],
						"1.0": {
							"pre": [0, -30, 0],
							"post": [0, -30, 0],
							"lerp_mode": "catmullrom"
						},
						"1.5": [0, -82.5, 0],
						"2.0": [0, -10, 0]
					}
				},
				"arm_left": {
					"rotation": {
						"0.0": {
							"post": [-87.5, 22.5, 8],
							"lerp_mode": "catmullrom"
						},
						"1.0": {
							"post": [-90, 22.5, 2.5],
							"lerp_mode": "catmullrom"
						},
						"2.0": {
							"post": [-87.5, 22.5, 8],
							"lerp_mode": "catmullrom"
						}
					}
				},
				"arm_left_2": {
					"rotation": [45, -21.5, 72.5]
				},
				"leg_right": {
					"rotation": {
						"0.0": {
							"post": [0, 30, 0],
							"lerp_mode": "catmullrom"
						},
						"0.5": [0, 17.5, 0],
						"1.0": {
							"pre": [0, -47.5, 0],
							"post": [0, -47.5, 0],
							"lerp_mode": "catmullrom"
						},
						"1.5": [0, -5, 0],
						"2.0": {
							"pre": [0, 30, 0],
							"post": [0, 30, 0],
							"lerp_mode": "catmullrom"
						}
					},
					"position": [0, 0, -0.5]
				},
				"leg_right_2": {
					"rotation": {
						"0.0": {
							"post": [0, 30, 0],
							"lerp_mode": "catmullrom"
						},
						"0.5": [0, 82.5, 0],
						"1.0": {
							"pre": [0, 10, 0],
							"post": [0, 10, 0],
							"lerp_mode": "catmullrom"
						},
						"1.5": [0, 17.5, 0],
						"2.0": {
							"pre": [0, 30, 0],
							"post": [0, 30, 0],
							"lerp_mode": "catmullrom"
						}
					}
				},
				"arm_right": {
					"rotation": {
						"0.0": {
							"post": [-90, -22.5, -2.5],
							"lerp_mode": "catmullrom"
						},
						"1.0": {
							"post": [-87.5, -22.5, -8],
							"lerp_mode": "catmullrom"
						},
						"2.0": {
							"post": [-90, -22.5, -2.5],
							"lerp_mode": "catmullrom"
						}
					}
				},
				"arm_right_2": {
					"rotation": [45, 21.5, -72.5]
				},
				"nose": {
					"rotation": {
						"0.0": [0, 0, 0],
						"1.0": [5, 0, 0],
						"2.0": [0, 0, 0]
					},
					"position": {
						"0.0": [0, 0, 0],
						"1.0": [0, 0, 0.25],
						"2.0": [0, 0, 0]
					}
				}
			}
		}
	}
}