{
  "species": "cobblemon:cthulytl",
  "order": 0,
  "variations": [
    {
      "aspects": [],
      "poser": "cobblemon:cthulytl",
      "model": "cobblemon:cthulytl.geo",
      "texture": "cobblemon:textures/pokemon/cthulytl/cthulytl.png",
      "layers": [
        {
              "name": "emissive",
              "emissive": true,
              "texture": "cobblemon:textures/pokemon/cthulytl/cthulytl_emissive.png",
              "translucent": true
        }
      ]
    },
    {
      "aspects": [
        "shiny"
      ],
      "texture": "cobblemon:textures/pokemon/cthulytl/cthulytl_shiny.png",
      "layers": [
        {
              "name": "emissive",
              "emissive": true,
              "texture": "cobblemon:textures/pokemon/cthulytl/cthulytl_shiny_emissive.png",
              "translucent": true
        }
      ]
    }
  ]
}