{
  "species": "cobblemon:ldryce",
  "order": 0,
  "variations": [
    {
      "aspects": [],
      "poser": "cobblemon:ldryce",
      "model": "cobblemon:ldryce.geo",
      "texture": "cobblemon:textures/pokemon/ldryce/ldryce.png",
      "layers": [
        {
              "name": "emissive",
              "emissive": true,
              "texture": "cobblemon:textures/pokemon/ldryce/ldryce_emissive.png",
              "translucent": true
        }
      ]
    },
    {
      "aspects": [
        "shiny"
      ],
      "texture": "cobblemon:textures/pokemon/ldryce/ldryce_shiny.png",
      "layers": [
        {
              "name": "emissive",
              "emissive": true,
              "texture": "cobblemon:textures/pokemon/ldryce/ldryce_shiny_emissive.png",
              "translucent": true
        }
      ]
    }
  ]
}