{
	"format_version": "1.12.0",
	"minecraft:geometry": [
		{
			"description": {
				"identifier": "geometry.pitipole",
				"texture_width": 64,
				"texture_height": 64,
				"visible_bounds_width": 3,
				"visible_bounds_height": 1.5,
				"visible_bounds_offset": [0, 0.25, 0]
			},
			"bones": [
				{
					"name": "pitipole",
					"pivot": [0, 0, 4]
				},
				{
					"name": "body",
					"parent": "pitipole",
					"pivot": [0, 0, 4],
					"cubes": [
						{"origin": [-3, 1, -4], "size": [6, 5, 6], "uv": [0, 0]},
						{"origin": [-3, 0, -1], "size": [6, 1, 3], "uv": [12, 11]},
						{"origin": [-3.1, 2.5, -0.5], "size": [0, 1, 1], "uv": [2, 3]},
						{"origin": [3.1, 2.5, -0.5], "size": [0, 1, 1], "uv": [2, 3]}
					]
				},
				{
					"name": "jaw",
					"parent": "body",
					"pivot": [0, 1, -1],
					"cubes": [
						{"origin": [-2.5, 0, -4], "size": [5, 1, 3], "uv": [18, 0]}
					]
				},
				{
					"name": "fin_left",
					"parent": "body",
					"pivot": [3, 3, 2],
					"cubes": [
						{"origin": [3, 0, 2], "size": [4, 6, 0], "uv": [12, 15]}
					]
				},
				{
					"name": "fin_right",
					"parent": "body",
					"pivot": [-3, 3, 2],
					"cubes": [
						{"origin": [-7, 0, 2], "size": [4, 6, 0], "uv": [12, 15], "mirror": true}
					]
				},
				{
					"name": "tail1",
					"parent": "body",
					"pivot": [0, 3.5, 2],
					"cubes": [
						{"origin": [-2, 1, 2], "size": [4, 5, 2], "uv": [0, 19]}
					]
				},
				{
					"name": "tail2",
					"parent": "tail1",
					"pivot": [0, 3.5, 4],
					"cubes": [
						{"origin": [0, 1, 4], "size": [0, 4, 4], "uv": [12, 17]}
					]
				},
				{
					"name": "tail3",
					"parent": "tail2",
					"pivot": [0, 3.5, 8],
					"cubes": [
						{"origin": [0, 0, 8], "size": [0, 6, 6], "uv": [0, 5]}
					]
				}
			]
		}
	]
}